Buchanan_ComoConservatory_cropped.jpg,Buchanan_Fairgrounds_cropped.jpg,Buchanan_JamesJHillHouse_cropped.jpg,Buchanan_NYLifeEagle_cropped.jpg,Buchanan_StThomasCathedral_cropped.jpg,Ichel_EcolabBuilding_cropped.jpg,Ichel_FirstAvenue_cropped.jpg,Ichel_GoldMedalFlourBuilding_cropped.jpg,Ichel_GoldMedalParkSign_cropped.jpg,Ichel_GuthrieTheater_cropped.jpg,Ichel_HennepinCountyGovernmentCenter_cropped.jpg,Ichel_LandmarkCenter_cropped.jpg,Ichel_MinneapolisCourthouse_cropped.jpg,Ichel_MinnesotaHistoryCenter_cropped.jpg,Ichel_MoosTower_cropped.jpg,Ichel_NorthropAuditorium_cropped.jpg,Ichel_Ordway_cropped.jpg,Ichel_PrinceMural_cropped.jpg,Ichel_ScienceMuseum_cropped.jpg,Ichel_StPaulCathedral_cropped.jpg,Ichel_StPaulLibrary_cropped.jpg,Ichel_StoneArchBridge_cropped.jpg,Ichel_UptownLargeChairs_cropped.jpg,Ichel_WeismanArtMuseum_cropped.jpg,Ichel_XcelEnergyCenter_cropped.jpg,Sullivan_250_Marquette_cropped.jpg,Sullivan_430OakGrove_cropped.jpg,Sullivan_5th_Street_Toewrs_cropped.jpg,Sullivan_ATT_Tower_cropped.jpg,Sullivan_Autozone_cropped.jpg,Sullivan_Basillica_cropped.jpg,Sullivan_BdeMakaSka1_cropped.jpg,Sullivan_BdeMakaSka2_cropped.jpg,Sullivan_BdeMakaSka3(1)_cropped.jpg,Sullivan_BdeMakaSka3_cropped.jpg,Sullivan_BrittsPub_cropped.jpg,Sullivan_ChicagoLiquior_cropped.jpg,Sullivan_Daytons_cropped.jpg,Sullivan_FarmersMarketChicken_cropped.jpg,Sullivan_FarmersMarketMural_cropped.jpg,Sullivan_FoshayTower_cropped.jpg,Sullivan_Foshay_Enterance_cropped.jpg,Sullivan_HennepinTheater_cropped.jpg,Sullivan_IDS_Center_cropped.jpg,Sullivan_IDS_Inside_cropped.jpg,Sullivan_LoringBridge_cropped.jpg,Sullivan_LoringGreenwayEnterance_cropped.jpg,Sullivan_LoringPark1_cropped.jpg,Sullivan_LoringPark2_cropped.jpg,Sullivan_LoringPark3_cropped.jpg,Sullivan_MPLS_WholeFoods_cropped.jpg,Sullivan_Mackenzie_cropped.jpg,Sullivan_Marquette_Cancer_Survivor_Statue_cropped.jpg,Sullivan_MaryTylerMoore_cropped.jpg,Sullivan_MidtownMarket_cropped.jpg,Sullivan_Millenium_Hotel_cropped.jpg,Sullivan_MusicMural_cropped.jpg,Sullivan_NicolletCaribou_cropped.jpg,Sullivan_NicolletGlobe1_cropped.jpg,Sullivan_NicolletGlobe2_cropped.jpg,Sullivan_NicolletSkyway_cropped.jpg,Sullivan_NicolletStation_cropped.jpg,Sullivan_OrangeLineSign_cropped.jpg,Sullivan_Orpheium_cropped.jpg,Sullivan_PeavyClock_cropped.jpg,Sullivan_RBC_Gateway_cropped.jpg,Sullivan_SculptureGarden10_cropped.jpg,Sullivan_SculptureGarden11_cropped.jpg,Sullivan_SculptureGarden12_cropped.jpg,Sullivan_SculptureGarden1_cropped.jpg,Sullivan_SculptureGarden2_cropped.jpg,Sullivan_SculptureGarden3_cropped.jpg,Sullivan_SculptureGarden4_cropped.jpg,Sullivan_SculptureGarden5_cropped.jpg,Sullivan_SculptureGarden6_cropped.jpg,Sullivan_SculptureGarden7_cropped.jpg,Sullivan_SculptureGarden9_cropped.jpg,Sullivan_SculptureGardenCherrySpoon_cropped.jpg,Sullivan_Skyway_cropped.jpg,Sullivan_SooLineBuilding_cropped.jpg,Sullivan_StThomas_cropped.jpg,Sullivan_Target_cropped.jpg,Sullivan_TheNewsRoom_cropped.jpg,Sullivan_ThirdPrecinct_cropped.jpg,Sullivan_UptownCrown_cropped.jpg,Sullivan_WCCO_cropped.jpg,Sullivan_WellsFargoCenter_cropped.jpg,pooled
0,0,0,0,0,0,0,0,0,0,0,0,0,0,0,0,0,0,0,0,0,0,0,0,0,0,0,0,0,0,0,0,0,0,0,0,0,0,0,0,0,0,0,0,0,0,0,0,0,0,0,0,0,0,0,0,0,0,0,0,0,0,0,0,0,0,0,0,0,0,0,0,0,0,0,0,0,0,0,0,0,0,0,0,0,0,0,0
0,0,0,0,0,0,0,0,0,0,0,0,0,0,0,0,0,0,0,0,0,0,0,0,0,0,0,0,0,0,0,0,0,0,0,0,0,0,0,0,0,0,0,0,0,0,0,0,0,0,0,0,0,0,0,0,0,0,0,0,0,0,0,0,0,0,0,0,0,0,0,0,0,0,0,0,0,0,0,0,0,0,0,0,0,0,0,0
0,0,0,0,0,0,0,0,0,0,0,0,0,0,0,0,0,0,0,0,0,0,0,0,0,0,0,0,0,0,0,0,0,0,0,0,0,0,0,0,0,0,0,0,0,0,0,0,0,0,0,0,0,0,0,0,0,0,0,0,0,0,0,0,0,0,0,0,0,0,0,0,0,0,0,0,0,0,0,0,0,0,0,0,0,0,0,0
0,0,0,0,0,0,0,0,0,0,0,0,0,0,0,0,0,0,0,0,0,0,0,0,0,0,0,0,0,0,0,0,0,0,0,0,0,0,0,0,0,0,0,0,0,0,0,0,0,0,0,0,0,0,0,0,0,0,0,0,0,0,0,0,0,0,0,0,0,0,0,0,0,0,0,0,0,0,0,0,0,0,0,0,0,0,0,0
0,0,0,0,0,0,0,0,0,0,0,0,0,0,0,0,0,0,0,0,0,0,0,0,0,0,0,0,0,0,0,0,0,0,0,0,0,0,0,0,0,0,0,0,0,0,0,0,0,0,0,0,0,0,0,0,0,0,0,0,0,0,0,0,0,0,0,0,0,0,0,0,0,0,0,0,0,0,0,0,0,0,0,0,0,0,0,0
0,0,0,0,0,0,0,0,0,0,0,0,0,0,0,0,0,0,0,0,0,0,0,0,0,0,0,0,0,0,0,0,0,0,0,0,0,0,0,0,0,0,0,0,0,0,0,0,0,0,0,0,0,0,0,0,0,0,0,0,0,0,0,0,0,0,0,0,0,0,0,0,0,0,0,0,0,0,0,0,0,0,0,0,0,0,0,0
0,0,0,0,0,0,0,0,0,0,0,0,0,0,0,0,0,0,0,0,0,0,0,0,0,0,0,0,0,0,0,0,0,0,0,0,0,0,0,0,0,0,0,0,0,0,0,0,0,0,0,0,0,0,0,0,0,0,0,0,0,0,0,0,0,0,0,0,0,0,0,0,0,0,0,0,0,0,0,0,0,0,0,0,0,0,0,0
0,0,0,0,0,0,0,0,0,0,0,0,0,0,0,0,0,0,0,0,0,0,0,0,0,0,0,0,0,0,0,0,0,0,0,0,0,0,0,0,0,0,0,0,0,0,0,0,0,0,0,0,0,0,0,0,0,0,0,0,0,0,0,0,0,0,0,0,0,0,0,0,0,0,0,0,0,0,0,0,0,0,0,0,0,0,0,0
0,0,0,0,0,0,0,0,0,0,0,0,0,0,0,0,0,0,0,0,0,0,0,0,0,0,0,0,0,0,0,0,0,0,0,0,0,0,0,0,0,0,0,0,0,0,0,0,0,0,0,0,0,0,0,0,0,0,0,0,0,0,0,0,0,0,0,0,0,0,0,0,0,0,0,0,0,0,0,0,0,0,0,0,0,0,0,0
0,0,0,0,0,0,0,0,0,0,0,0,0,0,0,0,0,0,0,0,0,0,0,0,0,0,0,0,0,0,0,0,0,0,0,0,0,0,0,0,0,0,0,0,0,0,0,0,0,0,0,0,0,0,0,0,0,0,0,0,0,0,0,0,0,0,0,0,0,0,0,0,0,0,0,0,0,0,0,0,0,0,0,0,0,0,0,0
0,0,0,0,0,0,0,1,0,0,0,0,0,0,0,0,0,0,0,0,0,0,0,0,0,0,0,0,0,0,0,0,0,0,0,0,0,0,0,0,0,0,0,0,0,0,0,0,0,0,0,0,0,0,0,0,0,0,0,0,0,0,0,0,0,0,0,0,0,0,0,0,0,0,0,0,0,0,0,0,0,0,0,0,0,0,0,0.0114942528735632
0,0,0,0,0,0,0,0,0,0,0,0,0,0,0,0,0,0,0,0,0,0,0,0,0,0,0,0,0,0,0,0,0,0,0,0,0,0,0,0,0,0,0,0,0,0,0,0,0,0,0,0,0,0,0,0,0,0,0,0,0,0,0,0,0,0,0,0,0,0,0,0,0,0,0,0,0,0,0,0,0,0,0,0,0,0,0,0
0,0,0,0,0,0,0,0,0,0,0,0,0,0,0,0,0,0,0,0,0,0,0,0,0,0,0,0,0,0,0,0,0,0,0,0,0,0,0,0,0,1,0,0,0,0,0,0,0,0,0,1,0,0,0,0,0,0,0,0,0,0,0,0,0,0,0,0,0,0,0,0,0,0,0,0,0,0,0,1,0,0,0,0,0,0,0,0.0344827586206897
0,0,0,0,0,0,0,0,0,1,0,0,0,0,0,0,0,0,0,0,0,0,0,0,0,0,1,0,0,0,0,0,0,0,0,0,0,0,0,0,0,0,0,0,0,0,0,0,0,0,0,0,0,0,0,0,0,0,0,0,0,0,1,0,0,0,0,0,0,0,0,0,0,0,0,0,0,0,0,0,0,0,0,0,0,0,0,0.0344827586206897
0,0,0,0,0,0,0,0,0,1,0,0,0,0,0,0,0,0,0,0,0,0,0,0,0,0,0,0,0,0,0,0,0,0,0,0,0,0,0,0,0,0,0,0,0,0,0,0,0,0,0,0,0,0,0,0,0,0,0,0,0,0,0,0,0,0,0,0,0,0,0,0,0,0,0,0,0,0,0,0,0,0,0,0,0,0,0,0.0114942528735632
0,0,0,0,0,0,0,0,0,0,0,0,0,0,0,0,0,0,0,0,0,0,0,0,0,0,0,0,0,0,0,0,0,0,0,0,0,0,0,0,0,0,0,0,0,0,0,0,0,0,0,0,0,0,0,0,0,0,0,0,0,0,1,0,0,0,0,0,0,0,0,0,0,0,0,0,0,0,0,0,0,0,0,0,0,0,0,0.0114942528735632
0,0,0,0,0,0,0,0,0,0,0,0,0,0,0,0,0,0,0,0,0,0,0,0,0,0,1,0,0,0,0,0,0,0,0,0,0,0,1,0,0,0,0,0,0,0,0,0,0,0,0,0,0,0,0,0,0,0,0,0,0,0,1,0,0,0,0,0,1,0,0,0,0,0,0,0,0,0,0,0,0,0,0,0,0,0,0,0.0459770114942529
0,0,0,0,0,0,1,0,0,1,0,0,0,0,0,0,0,0,0,0,0,0,0,0,0,0,0,0,0,1,0,0,0,0,0,0,0,0,0,0,0,0,0,0,0,0,0,0,0,0,0,1,0,0,0,0,0,0,0,0,0,0,1,0,0,0,0,0,0,0,0,0,0,0,0,0,0,0,0,0,0,0,0,0,1,0,0,0.0689655172413793
0,0,0,0,1,0,0,0,0,0,0,0,0,0,0,0,0,0,1,0,0,0,0,0,0,0,0,0,0,0,0,0,0,0,0,0,0,0,0,0,0,1,0,0,0,0,0,0,0,0,0,0,0,0,0,0,0,0,0,0,0,0,0,0,0,0,0,0,0,0,0,0,0,0,0,0,0,0,0,0,0,0,0,0,0,1,0,0.0459770114942529
0,0,0,0,0,1,0,0,0,2,0,1,0,0,0,0,0,0,0,0,0,0,0,0,0,0,0,0,0,1,0,0,0,0,0,0,0,0,0,0,0,0,0,0,0,0,0,0,0,0,0,0,0,0,0,0,0,0,0,0,0,0,0,0,0,0,0,0,0,0,0,0,0,0,0,0,0,0,0,0,1,0,0,0,0,0,0,0.0689655172413793
0,0,0,0,0,0,0,0,0,0,1,0,0,0,0,0,0,0,0,0,0,2,0,0,0,0,0,0,0,0,0,0,1,0,0,0,0,0,0,0,1,0,0,0,0,0,0,0,0,0,0,0,0,1,0,0,0,0,0,0,0,0,1,0,0,0,0,0,3,0,0,0,0,0,0,0,0,0,0,0,0,0,0,0,0,0,0,0.114942528735632
0,0,1,0,0,0,0,1,0,0,0,0,0,0,0,0,0,0,0,0,0,0,0,0,1,0,0,0,0,1,0,0,0,0,0,0,0,0,0,4,0,0,0,0,0,0,0,0,0,0,0,0,0,0,0,0,0,0,1,0,0,0,0,0,0,0,0,0,0,0,0,0,0,0,0,0,0,0,0,0,0,0,0,0,0,0,0,0.103448275862069
0,0,0,0,0,1,0,0,0,2,1,0,0,0,0,0,0,0,0,0,0,0,0,1,0,1,1,0,0,0,0,0,0,0,0,0,0,1,0,1,1,0,0,0,0,0,0,0,0,0,0,0,0,0,0,0,0,0,0,0,0,0,1,0,0,0,0,0,0,0,0,0,0,0,0,0,0,0,0,0,0,0,0,0,0,2,0,0.149425287356322
0,0,0,0,2,0,0,0,0,1,0,0,0,0,0,0,0,0,0,0,0,0,0,0,0,0,0,0,0,0,0,0,0,0,0,0,0,0,0,1,0,2,0,0,0,1,0,0,1,0,0,0,0,0,0,0,0,0,0,0,0,0,1,0,0,0,0,1,0,0,0,0,0,0,0,0,1,0,0,0,0,0,0,0,0,1,0,0.137931034482759
0,0,0,0,0,0,1,0,0,4,0,0,0,0,0,0,0,0,0,0,0,0,0,0,0,1,1,0,0,1,1,0,0,0,0,0,0,2,0,1,0,0,0,1,0,0,0,0,1,0,0,0,0,0,0,0,0,0,0,0,0,1,1,1,0,0,0,0,0,0,0,0,0,0,0,0,0,0,0,1,0,0,0,0,0,0,0,0.206896551724138
0,0,1,0,1,1,0,1,0,4,3,1,0,0,1,0,1,0,0,0,1,0,0,0,1,0,0,0,0,0,0,0,2,0,0,0,0,0,0,1,0,1,0,0,0,0,0,0,1,0,0,0,0,1,0,0,0,0,0,0,0,1,2,0,0,1,0,1,2,0,1,0,0,0,0,0,1,0,0,2,0,0,0,0,0,0,0,0.379310344827586
0,0,0,1,0,0,0,0,0,2,1,1,0,0,1,1,0,1,0,0,0,2,0,1,0,0,1,0,0,0,0,0,1,0,0,0,1,1,0,2,1,0,1,0,0,0,0,0,2,0,0,0,0,1,0,0,0,0,2,0,0,1,0,0,0,0,0,1,4,0,0,0,0,0,0,0,0,0,0,3,0,1,1,0,1,2,0,0.436781609195402
0,1,3,0,1,2,3,1,0,3,0,0,0,0,1,0,0,1,1,0,1,0,0,1,1,1,0,0,0,1,1,1,2,0,0,0,0,0,1,0,1,0,1,0,0,0,0,1,1,0,0,1,0,0,0,0,0,0,0,0,0,0,1,4,0,0,0,1,2,0,0,0,0,0,0,0,0,0,0,4,2,0,0,2,1,1,0,0.574712643678161
0,1,4,0,0,0,5,2,0,1,1,0,0,0,2,2,0,0,0,1,0,1,0,1,0,3,1,0,0,2,1,0,1,0,1,0,0,1,0,5,1,2,1,0,0,0,0,0,3,0,1,0,0,1,0,0,0,1,1,0,0,4,2,0,0,0,0,0,2,0,0,0,0,0,0,0,0,0,1,2,2,0,2,0,0,1,1,0.735632183908046
0,0,3,2,5,4,4,3,0,4,1,2,0,0,0,0,0,3,1,0,0,1,0,1,1,0,2,0,0,0,3,0,0,0,0,1,0,0,3,7,3,2,2,0,0,1,0,1,0,0,0,2,0,3,0,0,0,0,2,0,0,2,3,2,2,0,1,2,3,0,0,0,0,0,0,0,0,0,1,1,2,0,0,3,2,2,1,1.08045977011494
1,1,4,1,4,5,3,6,0,6,3,1,1,0,1,1,1,2,8,0,2,3,0,4,0,0,5,1,0,1,1,0,1,0,0,3,2,0,2,13,4,2,3,0,0,0,0,0,1,0,0,3,0,4,1,0,0,0,1,0,0,2,1,4,1,0,0,1,2,0,0,0,0,0,0,0,5,0,0,4,1,2,2,1,0,2,1,1.55172413793103
0,3,6,4,4,3,0,6,0,2,2,0,0,0,1,3,1,4,1,2,1,2,0,2,3,3,1,2,1,3,0,0,2,0,0,1,1,5,3,12,3,3,3,0,0,0,1,0,2,0,2,5,0,2,1,0,0,1,1,0,0,2,1,5,1,2,0,3,4,0,0,0,0,0,0,0,2,1,0,5,1,2,2,2,5,6,2,1.77011494252874
1,0,10,6,3,6,4,3,0,4,3,2,3,0,3,5,5,7,0,3,4,4,0,5,1,0,2,0,2,3,1,0,3,0,1,0,2,1,3,8,4,2,5,0,0,1,1,2,2,0,4,2,0,1,5,0,0,1,1,0,1,5,5,8,1,3,1,6,3,0,3,1,3,0,0,0,0,1,1,5,1,5,4,3,2,6,4,2.42528735632184
6,3,6,8,5,8,7,5,0,9,6,5,1,4,5,7,2,4,2,2,4,4,0,3,3,2,1,0,1,3,7,0,1,1,5,2,2,3,4,9,6,4,4,1,0,2,5,1,5,0,0,4,3,0,5,0,0,2,5,0,0,4,2,3,1,4,3,5,12,0,0,1,1,0,0,0,3,0,0,4,5,2,2,1,3,3,3,2.97701149425287
6,10,12,7,6,6,13,9,0,12,8,4,6,3,7,6,3,11,3,2,9,4,0,5,2,7,6,10,5,6,3,0,7,1,4,2,4,14,2,20,4,6,4,1,0,4,2,3,7,5,3,4,4,5,5,0,0,6,5,0,3,6,14,6,6,2,1,8,8,2,2,2,2,0,0,1,4,4,1,4,7,11,9,1,4,4,5,4.94252873563218
6,2,7,8,8,13,8,8,5,19,17,9,2,10,4,7,9,16,7,9,7,5,4,6,11,9,5,5,7,3,6,2,16,4,1,7,4,9,8,10,10,12,4,6,0,5,5,5,14,0,6,8,0,6,4,0,0,7,4,4,4,15,7,8,5,7,1,4,11,0,1,7,6,9,3,3,3,5,5,11,10,2,4,5,9,9,4,6.44827586206897
9,12,8,7,12,14,10,6,15,20,9,11,10,0,4,7,7,13,5,12,9,6,20,7,13,4,10,10,4,10,5,4,13,4,3,3,6,16,15,22,8,7,11,7,5,6,7,7,10,7,5,10,7,12,6,8,0,14,11,9,14,12,7,15,10,2,2,11,12,3,1,7,11,10,11,6,5,2,15,9,15,5,9,13,5,10,8,8.75862068965517
9,13,18,11,16,12,18,12,19,21,12,8,8,13,18,12,9,19,10,11,14,10,16,18,17,6,13,14,7,16,9,12,14,7,5,10,6,12,10,25,11,14,15,8,10,12,11,7,13,17,9,10,3,6,13,15,19,7,11,9,19,12,16,16,15,9,3,19,18,9,7,8,3,7,0,26,5,8,10,15,17,6,15,7,12,11,14,11.9195402298851
15,15,23,24,26,26,25,15,0,21,8,11,18,11,18,19,24,29,18,7,13,4,23,18,10,11,12,8,25,7,4,4,22,28,12,12,10,18,14,30,9,18,15,15,4,17,19,18,26,19,17,9,4,12,9,1,0,14,13,8,12,21,8,15,15,11,9,12,17,10,14,9,14,13,19,5,9,13,2,13,33,12,20,17,9,22,17,14.4367816091954
18,36,20,28,25,30,17,24,18,35,24,16,6,17,18,18,22,16,24,11,20,13,0,19,22,18,20,18,20,11,18,24,22,29,8,26,17,19,18,36,19,30,28,14,33,22,28,23,22,18,21,12,22,11,18,36,36,12,24,22,19,37,28,13,25,22,16,18,25,18,27,34,18,16,24,17,7,27,17,23,18,17,4,18,17,39,26,20.9425287356322
29,51,24,38,29,30,28,31,22,41,22,24,34,23,37,22,27,15,18,32,23,16,27,27,14,24,20,16,26,25,14,46,31,44,13,25,9,25,32,41,38,19,36,25,38,38,24,19,28,30,18,17,6,16,21,36,19,27,15,25,31,39,25,26,28,28,24,26,21,37,40,23,15,31,31,30,10,27,31,14,36,17,14,24,19,29,31,26.1724137931034
34,24,29,34,25,44,24,33,53,31,28,25,35,21,36,42,26,30,48,42,17,28,37,22,23,28,15,22,28,28,24,36,32,31,36,31,19,24,29,40,27,30,35,49,22,43,41,22,30,32,13,19,53,22,19,29,48,29,29,34,39,23,32,31,19,36,26,27,35,52,38,35,61,41,44,44,24,15,32,30,41,19,28,26,22,34,31,31.3218390804598
32,34,30,34,25,37,39,43,57,33,49,38,54,47,46,37,21,36,46,40,41,35,54,34,22,28,22,77,34,35,45,36,36,41,42,65,19,47,42,62,44,40,36,53,30,40,50,41,41,46,36,18,59,47,32,40,57,45,40,57,35,25,41,32,28,36,46,33,45,60,17,40,56,50,39,36,46,36,55,66,37,16,37,22,33,25,33,39.9080459770115
43,39,37,41,66,32,34,58,0,47,36,32,45,36,56,43,37,52,59,48,27,33,60,53,42,39,38,28,39,26,35,18,37,52,29,35,38,46,28,45,44,34,37,67,21,33,35,37,39,71,49,14,47,29,28,81,37,42,38,36,43,34,59,34,45,51,25,47,40,41,55,46,51,50,26,58,31,52,51,29,40,25,72,43,32,33,37,40.8965517241379
48,57,40,40,61,41,37,39,63,49,55,53,40,58,37,42,32,39,54,61,39,51,19,47,34,47,42,59,60,38,33,83,33,59,52,44,45,37,59,41,48,48,44,82,74,31,35,82,64,72,36,35,65,46,35,32,33,21,53,56,49,45,43,29,45,50,107,57,63,41,46,29,68,68,61,37,45,37,32,55,61,21,40,51,46,70,40,48.2298850574713
72,60,50,52,53,54,45,78,59,86,62,65,74,59,79,69,45,48,63,56,52,60,74,63,46,51,53,87,70,41,56,61,57,61,36,57,54,71,65,63,66,64,47,76,82,47,45,74,73,70,67,51,76,49,39,67,42,43,57,58,59,76,59,26,61,54,49,68,54,60,96,48,40,67,61,73,51,83,92,50,80,31,62,50,48,78,48,60.0459770114943
76,57,69,52,76,56,50,95,102,73,57,85,55,71,75,64,47,65,73,66,45,73,90,65,57,63,93,50,94,55,52,89,59,77,58,72,70,59,62,77,76,67,66,70,71,40,52,59,66,24,72,72,95,71,40,75,86,58,66,41,51,76,94,51,65,91,68,65,65,61,48,78,66,71,73,61,68,70,70,61,63,30,59,78,70,74,54,66.3448275862069
89,64,90,70,86,72,85,76,83,87,70,79,52,85,96,71,63,92,97,40,71,84,83,86,46,68,93,77,78,78,72,118,62,92,88,65,63,62,88,78,79,54,85,94,72,66,74,84,70,99,68,70,32,75,63,46,92,53,62,90,95,64,72,36,93,98,77,83,90,81,82,71,109,67,88,97,85,65,54,87,60,64,76,73,67,77,78,76.0459770114943
104,65,83,84,91,118,80,71,101,93,108,86,61,100,103,82,73,105,112,82,75,105,100,94,85,82,90,102,81,86,84,118,89,69,111,83,77,78,110,92,99,95,81,77,104,58,80,81,100,138,102,78,91,90,65,87,131,86,73,121,116,76,85,45,90,84,95,95,94,66,46,110,93,63,74,114,87,85,105,117,79,120,66,86,92,87,93,89.8045977011494
113,94,98,87,107,105,109,107,114,107,109,69,116,109,143,111,73,81,91,100,111,97,116,107,92,82,109,78,125,78,86,103,93,82,101,83,92,63,92,74,104,88,90,107,104,81,105,95,92,104,102,91,26,78,87,125,59,80,126,61,77,90,84,93,103,89,124,109,126,97,99,111,83,57,52,80,72,118,98,100,78,167,78,67,101,97,81,94.7471264367816
90,110,105,112,126,99,122,118,25,113,92,99,68,92,135,118,146,113,99,121,116,94,117,134,111,89,87,87,120,90,71,51,99,129,149,107,95,96,93,100,109,91,148,105,48,140,113,125,113,96,74,39,101,101,76,76,67,83,46,98,125,119,103,86,120,89,37,115,123,117,97,108,103,133,128,110,85,130,105,88,107,51,91,118,99,129,120,101.413793103448
127,106,114,148,126,133,96,139,136,147,143,126,164,138,140,155,151,132,132,105,154,95,33,116,122,140,142,134,108,141,113,160,111,145,147,110,98,123,128,121,125,87,139,131,121,170,146,135,103,76,147,172,121,110,106,140,148,199,146,134,115,130,121,166,116,154,125,120,143,122,167,135,100,167,116,129,163,153,134,104,119,179,143,112,111,134,128,130.586206896552
118,114,154,175,138,156,126,148,163,154,157,118,193,180,157,152,170,112,129,128,231,128,154,166,152,159,193,125,137,183,121,147,120,145,161,164,128,114,128,131,159,150,135,165,188,167,194,121,129,190,188,195,161,142,139,145,134,163,164,153,158,179,161,178,119,158,164,163,147,152,178,116,170,172,91,102,138,168,167,133,143,140,138,163,123,150,134,150.758620689655
157,150,170,177,154,154,142,161,156,168,170,176,174,129,214,178,144,172,207,181,136,120,240,148,173,147,180,161,188,171,137,191,188,145,195,190,156,153,197,165,138,220,171,203,155,166,159,141,160,164,187,188,188,158,137,190,205,103,177,231,204,145,179,112,147,179,98,205,151,195,174,169,218,130,221,104,161,163,208,116,160,175,135,175,171,190,177,168.022988505747
200,187,195,140,160,217,167,183,207,172,184,179,189,211,189,207,218,177,172,236,213,169,275,225,134,190,203,207,218,241,141,155,164,187,227,277,202,188,178,168,193,217,193,188,235,154,205,209,177,194,114,213,233,181,156,194,226,265,245,305,202,155,144,220,185,195,185,212,182,173,260,242,87,249,194,211,175,167,194,163,199,201,214,224,226,196,175,196.310344827586
257,197,216,234,181,241,262,178,291,216,234,221,194,244,215,224,194,183,175,248,231,250,266,202,210,227,200,296,242,221,169,208,190,237,164,240,196,191,196,184,213,196,242,179,224,200,198,219,189,273,253,227,287,179,153,230,277,249,250,159,186,182,201,260,278,246,287,221,218,190,221,298,213,266,292,258,249,232,199,207,232,302,194,249,151,215,238,223.068965517241
290,200,248,277,212,216,236,208,41,203,232,216,145,260,245,243,224,228,213,276,129,205,238,247,208,313,180,278,263,224,197,207,207,194,232,192,223,252,213,184,241,267,234,227,102,232,190,300,202,201,239,77,173,179,216,256,248,154,97,293,251,191,222,166,218,262,141,246,240,239,212,257,266,277,221,242,237,244,223,288,251,153,265,231,255,232,345,221.862068965517
268,236,256,253,301,237,339,213,320,226,277,226,222,226,260,265,219,256,232,276,284,346,113,221,244,313,249,246,264,190,212,266,250,292,276,312,234,272,251,201,252,370,286,238,288,223,232,312,267,234,300,289,281,191,226,214,149,296,255,194,283,222,222,279,343,275,305,267,255,261,206,229,342,227,247,227,228,295,267,178,312,267,306,265,339,291,258,257.896551724138
359,278,369,345,319,295,347,255,421,299,378,291,406,366,289,292,325,280,256,301,410,368,357,301,232,277,289,315,305,355,249,352,312,363,291,331,257,310,277,284,317,211,371,319,292,296,327,329,303,261,323,349,365,239,309,321,358,368,331,261,313,292,290,467,338,307,375,283,288,342,389,221,408,256,318,409,372,353,322,289,347,432,408,277,425,312,301,322.873563218391
380,317,299,371,352,280,321,276,367,356,405,337,433,361,264,301,384,295,255,272,428,365,329,295,306,354,280,330,312,362,280,328,332,289,327,313,298,307,281,303,322,328,292,306,456,276,396,341,313,316,305,411,361,297,299,365,320,354,371,381,318,321,289,365,324,303,368,332,319,361,375,354,338,239,423,363,285,324,339,246,300,357,338,322,345,315,344,330.597701149425
324,327,325,314,266,311,375,317,342,384,413,354,372,315,347,336,391,344,305,362,193,339,463,317,301,437,330,358,357,379,304,363,409,267,329,264,332,375,334,327,324,477,348,320,226,258,364,322,317,358,374,323,280,356,409,395,371,182,403,332,393,318,297,356,369,322,201,343,331,350,397,345,346,244,355,347,338,302,330,271,417,357,301,277,369,318,352,336.632183908046
360,366,367,351,386,340,372,359,373,427,404,341,439,405,423,375,447,400,316,389,373,420,486,312,370,376,372,408,351,389,321,346,417,417,391,384,336,389,375,343,375,371,387,372,423,329,366,350,370,432,333,439,369,360,383,403,404,414,416,425,350,358,295,372,407,356,441,382,368,381,420,412,300,513,330,445,372,366,391,275,411,361,353,490,401,400,378,382.35632183908
358,388,389,322,426,413,448,394,448,425,407,426,405,446,395,398,437,436,412,425,517,402,422,440,388,430,418,428,392,448,414,478,441,392,346,374,477,380,422,392,443,362,402,370,473,375,409,362,356,450,418,457,424,325,422,407,452,530,462,488,441,489,333,490,412,377,490,372,392,425,370,424,428,540,491,338,395,398,392,322,471,501,404,518,421,350,439,418.494252873563
424,436,305,374,453,421,341,415,503,406,447,429,532,461,373,438,460,413,337,374,494,448,403,452,454,498,429,313,418,355,396,534,442,478,373,498,419,360,528,359,473,383,402,462,465,372,426,512,447,465,443,600,461,388,442,461,406,480,574,532,412,436,360,424,394,482,515,397,369,486,369,516,372,562,460,437,450,362,396,493,429,416,504,433,276,401,459,434.448275862069
466,479,420,476,523,482,536,459,89,487,483,467,238,487,513,477,470,422,513,539,494,480,396,561,450,498,507,501,455,507,494,488,592,510,509,474,424,479,577,436,499,496,384,506,390,412,430,513,493,446,522,130,564,487,508,563,510,470,459,510,496,454,408,333,445,571,310,457,448,484,494,436,509,572,513,527,556,475,516,543,487,547,443,554,561,432,441,473.126436781609
520,505,477,412,565,510,433,482,618,503,473,480,440,541,454,540,384,522,489,486,460,476,434,515,585,462,483,404,480,442,496,453,572,487,489,460,530,507,506,564,510,502,571,485,607,463,600,397,473,381,499,562,426,538,543,355,225,494,206,352,523,492,469,575,620,517,516,500,478,454,465,346,651,451,493,532,460,586,432,440,504,523,559,527,526,499,535,488.51724137931
519,629,556,522,563,545,529,521,692,574,653,584,694,602,584,648,636,501,530,625,762,641,574,704,529,537,568,623,593,557,557,598,599,599,525,642,604,591,606,512,546,483,609,583,655,541,643,641,599,650,647,656,564,591,637,653,650,637,660,624,540,685,472,680,524,570,752,481,468,542,645,534,344,642,570,576,684,628,684,610,570,599,663,647,530,612,584,594.632183908046
541,653,549,628,611,548,583,587,815,662,668,651,776,583,566,635,675,574,526,591,744,572,611,665,541,604,689,685,580,586,674,603,626,525,582,613,607,593,604,609,654,579,550,570,566,709,619,733,644,699,609,737,569,557,706,638,752,690,738,626,687,606,648,585,590,629,644,628,619,644,692,633,501,521,589,632,751,637,692,674,566,569,655,642,577,587,561,625.735632183908
599,716,701,656,539,599,692,664,519,682,698,721,721,614,636,744,610,609,613,656,569,649,712,624,592,714,723,623,594,685,667,594,691,555,667,567,648,663,686,706,604,776,666,662,447,811,560,709,603,767,703,526,581,701,754,765,720,417,679,685,667,524,614,385,564,618,418,643,658,718,584,698,772,658,637,740,639,674,663,560,652,617,538,582,579,622,579,639.735632183908
703,724,815,672,703,713,882,700,706,737,684,670,704,642,667,787,764,643,672,670,688,676,697,703,756,655,802,712,686,791,657,704,747,616,735,670,715,680,707,775,663,870,737,743,666,682,716,769,680,652,691,798,670,726,707,689,780,660,696,677,849,674,705,654,814,709,795,691,784,611,785,697,869,666,780,723,742,685,735,823,679,641,614,655,843,712,669,716.16091954023
758,787,890,859,814,723,845,808,826,898,875,873,754,730,889,933,879,700,786,866,729,788,708,831,739,836,900,800,773,899,903,844,861,786,895,818,873,733,868,813,874,801,873,856,855,825,859,829,896,822,894,811,873,888,924,842,848,797,820,854,796,858,903,715,795,853,839,849,849,771,884,816,864,746,504,792,840,783,835,822,804,800,790,795,990,838,871,826.816091954023
878,883,611,924,848,758,785,913,1157,966,985,861,965,785,943,992,932,888,782,807,697,801,678,927,780,811,827,937,834,787,883,886,830,839,860,779,991,810,873,911,850,801,893,772,882,783,896,859,957,844,899,817,966,904,903,898,912,954,904,758,863,925,898,817,1132,843,839,863,909,774,852,967,750,727,836,797,886,888,739,990,841,1030,757,917,710,772,902,862.988505747126
914,896,961,852,805,914,878,1009,1278,919,1111,936,961,895,1143,1050,995,978,902,945,836,951,859,1058,858,970,891,860,821,924,981,988,983,874,1003,1003,976,880,932,1012,988,962,954,979,1085,879,880,947,1056,913,949,951,890,1113,936,1101,1013,937,1226,941,631,777,902,907,834,911,953,903,1068,956,532,926,911,868,939,855,976,971,864,990,935,964,837,805,811,901,989,938.137931034483
1102,976,1051,1070,982,1015,912,1037,468,999,930,1058,655,937,827,1185,691,1115,1038,1047,1035,1001,1095,1106,929,1089,977,774,1031,1038,1172,1104,1169,1017,1072,1006,1067,1161,1025,1087,988,988,867,1077,542,1057,897,1005,1013,943,1004,378,784,1017,1104,720,750,786,793,966,1027,985,1122,841,1236,1118,586,1168,1162,1005,969,800,1024,1060,998,1083,1021,1059,921,624,1107,801,659,1100,1150,981,681,965.712643678161
1281,1104,1318,1162,1149,1107,1190,1324,1056,1273,1208,1125,956,1061,1267,1305,1245,1143,1224,1143,1257,1058,1224,1198,1163,1192,1226,1333,1093,1192,1244,1242,1338,1104,1179,1212,1189,1169,1167,1239,1149,1305,1233,1147,1219,1190,1122,947,1029,1066,969,1320,927,1248,1385,1430,1246,1060,664,922,910,1242,1002,1100,1016,1170,1185,1186,1242,1130,1230,1036,1136,1238,1134,1282,1253,1110,1284,1200,1186,1089,1084,1336,1191,1228,1276,1169.12643678161
1418,1292,1256,1474,1462,1183,1305,1522,1159,1378,1448,1185,1405,1352,1443,1439,1608,1388,1233,1257,1514,1359,1515,1454,1214,1160,1445,1368,1233,1334,1407,1429,1356,1321,1345,1482,1399,1481,1292,1187,1369,921,1348,1211,1506,1314,1298,1349,1377,1227,1271,1581,1275,1435,1582,1532,1331,1435,1372,1359,1334,1232,1456,1510,1088,1314,1257,1241,1448,1283,1369,1296,1282,1387,1339,1356,1400,1225,1388,1482,1375,1316,1225,1353,1210,1406,1425,1351.63218390805
1641,1477,1600,1600,1593,1531,1616,1588,1521,1565,1644,1393,1695,1469,1678,1686,1733,1749,1572,1563,1569,1423,1500,1670,1510,1556,1693,1597,1436,1477,1579,1716,1672,1436,1664,1564,1561,1647,1501,1520,1524,1622,1461,1354,1562,1549,1402,1521,1580,1554,1800,1436,1868,1502,1788,1478,1543,1624,1765,1434,1460,1510,1486,1516,1418,1535,1741,1592,1534,1446,1541,1699,1443,1589,1420,1503,1643,1447,1482,1532,1461,1421,1802,1583,1422,1566,1524,1561.93103448276
1677,1744,1786,1736,1937,1570,1577,1730,1947,1649,1870,1684,1918,1707,1729,1856,1773,1762,1486,1595,1867,1620,1624,1743,1785,1632,1831,1744,1676,1708,1985,1760,1612,1730,1765,1719,1727,1727,1578,1880,1716,1905,1604,1593,1816,1712,1888,1860,1828,1674,1807,1626,1782,1820,2015,1730,1750,2028,1861,1788,1874,1514,1644,1884,1595,1508,2105,1584,1794,1756,1959,1521,1468,1334,1604,1680,1878,1766,1683,2144,1722,1658,2004,1810,1506,1831,1824,1745.96551724138
1999,1887,2168,1864,1699,1702,1977,1876,1391,1858,2207,1905,1877,1987,1824,2103,1424,2073,1905,2026,1941,2027,1929,1719,1941,2091,1704,2035,1798,1965,2053,1937,2089,1790,2111,1618,1911,2074,1870,2087,1884,2339,1635,1816,1434,2012,1734,1925,1751,2171,1733,1619,2241,2088,2473,1747,1977,1368,1625,2088,2096,1701,1895,1579,1857,1957,1895,1875,2193,2220,1783,1996,2130,1744,2268,1843,1871,1948,1909,1438,1926,1833,1070,1940,1674,1769,1925,1890.08045977011
2318,2011,2549,1971,2040,2125,2095,2326,2645,2119,2280,1836,2155,2234,2267,2274,2356,2305,2093,2006,2080,2230,2082,2082,2278,2014,2012,2252,2040,2000,2128,2035,2264,2078,2195,1981,2183,2057,1926,2320,1950,2331,2037,2103,2293,2017,2024,2151,2040,2370,1811,2267,2112,2399,2452,2074,2228,1981,2200,1969,2269,2083,2490,2322,2394,2183,2490,2206,2251,2216,2083,2236,2288,2271,2713,2294,2167,2116,2081,2083,2002,2241,2357,2183,2666,2002,2094,2181.97701149425
2520,2431,2667,2492,2314,2392,3033,2883,2776,2456,2827,2454,2591,2557,2465,2610,2591,2547,2528,2546,2398,2476,2536,2611,2553,2390,2418,2710,2404,2664,2730,2495,2502,2443,2441,2599,2653,2697,2346,2439,2437,2636,2678,2312,2415,2531,2593,2726,2647,2402,2489,2508,2245,2515,2784,2213,2560,2906,2717,2671,2212,2695,2802,2984,2663,2599,2693,2504,2370,2453,2730,2261,2269,2638,1465,2558,2593,2684,2842,2767,2508,2593,2662,2575,2908,2593,2433,2554.29885057471
2801,2984,2815,2806,2724,2790,3061,3140,2896,3013,3090,2762,3023,2725,3005,2778,2988,2803,2950,2516,2548,2846,2606,2818,2589,2458,2628,3098,2706,2753,2830,2593,2570,2575,2640,3024,2972,2853,2617,2593,2673,2722,2865,2483,3140,2658,2998,2817,2778,2634,2862,2748,2619,2719,2866,2484,2722,2728,2900,2744,2254,3112,3039,2994,3055,2691,2619,2816,2669,2749,2728,2502,2723,3143,3018,2914,2748,2551,2672,3207,2731,2914,2923,3033,3367,2874,2913,2805.81609195402
2913,2902,2279,3016,2929,3140,2264,2946,3188,2931,3189,2945,3202,3132,2653,3147,3300,3169,2872,2926,2901,3043,2993,3079,2945,2894,2750,2545,2915,2806,3157,2669,2656,3016,2823,3100,3103,2745,2773,3044,2946,3131,3120,2888,3290,2999,3452,3191,3141,2971,3150,3354,3086,2654,3261,2551,2717,3024,3181,3076,3433,2384,2958,3227,2781,2891,2871,3006,3125,3152,2481,3076,2699,2622,2443,2929,2743,3007,2714,3249,2738,2814,2930,2520,2898,2880,3462,2945.01149425287
3293,3208,2996,3249,3304,3275,3099,3413,2853,3471,3067,3492,2431,3527,3579,3512,2595,3650,3379,3393,3538,3199,3251,3462,3232,3378,3337,3357,3480,3290,3661,3016,3202,3375,3525,3158,3661,3188,2901,3545,3308,3310,2660,3350,2050,3556,3077,3568,3287,3298,3175,2127,3421,3139,3559,3219,3474,2333,2461,3030,3591,3356,3103,2412,3331,3493,3652,3388,3467,3219,3496,3940,3617,3731,3492,3425,3344,3219,3483,2616,3107,3156,1975,3431,3379,3330,2871,3236.41379310345
3534,3524,3372,3600,3477,4102,3771,3598,4090,4003,4125,4044,4083,3758,3258,3688,4226,3887,4204,3944,3653,3739,3613,4415,3634,3528,3524,3341,3553,3544,4003,3397,3427,3871,3633,3838,3718,3734,3477,4354,3412,3480,3884,3867,3691,3526,3708,3764,3795,3565,3686,4147,3579,3587,3912,3478,3704,3842,4176,3980,3499,3705,3859,4117,3874,3731,4100,3986,4165,3574,3696,3062,3351,3897,3613,3876,3569,3708,3815,3740,3443,3769,4192,3831,3906,3304,3714,3749
4215,4179,3503,4002,3897,4606,4244,4297,3955,3986,4260,4372,3618,4204,4125,4334,4453,4346,4354,4159,3961,3528,3928,4740,4223,4036,4340,4472,4240,4087,4048,3747,3901,4146,4032,3846,4330,3514,3988,5073,4087,3759,4379,3976,4212,4227,3621,3678,3912,3897,3917,4597,3787,4039,4011,4066,4497,4327,3272,3650,3882,4112,4446,4336,3614,4084,4156,3980,4592,4217,4126,4379,4049,4068,3763,4632,4123,3969,4311,4559,3749,4070,4552,4027,4047,3950,3902,4102.24137931035
4671,4701,4106,4572,4468,4931,4599,4831,4605,4534,5173,4743,4398,4826,4548,4860,5185,4715,4644,4353,4418,4447,4731,5534,4554,4168,4577,4491,4664,4410,4861,4328,4394,4944,4443,4552,4646,4435,4519,3391,4778,5019,4656,4700,4673,4705,4689,4431,4900,4693,4777,5011,4592,4595,4352,4550,4604,4734,4787,4697,4470,4628,4664,4848,4732,4314,3540,4282,4755,4545,4707,3983,4779,4398,4433,5071,4561,4506,4403,4680,4324,4509,5548,4669,4351,4451,4402,4603.05747126437
5078,4655,5048,4572,5315,5504,5142,5414,4958,4743,5686,5070,4960,5290,5165,5548,5725,5227,5487,5173,4890,4822,4846,5970,5070,4840,5044,5002,5176,5208,5496,4766,5081,5322,4659,4829,5189,4689,4931,5725,5097,4717,4964,5171,5281,5061,5086,4973,5114,4764,5031,5069,5002,5544,4688,5387,5388,5396,5419,5052,5060,5428,3804,4827,5024,5431,4979,4894,5065,5071,4446,4764,4952,5144,4613,5406,4980,4935,5146,4937,4984,5019,5889,5053,4860,5228,4834,5083.81609195402
5485,5400,5981,5455,5138,5956,5422,5600,5549,4960,6067,5787,4972,5785,5564,5801,5909,5878,5415,5425,5462,5222,5353,6173,5397,5264,5325,5420,5751,5609,6089,5015,5430,6082,5400,5404,5709,5722,5878,4609,5366,5694,5416,5724,6184,5951,5865,5715,5649,5333,5817,5790,5502,5520,5296,5496,5799,5396,5785,5585,5214,5668,5932,5305,5645,5743,4797,4917,5578,5756,5912,5217,5538,5753,5323,5641,5687,5695,5786,5201,5575,5267,5268,5344,5023,5747,5287,5546.72413793103
6053,6061,6550,6212,6520,6336,6068,6227,6531,5497,6803,6307,6199,6412,6478,6448,6470,6173,5869,6266,6319,6170,6170,6637,6214,5423,6014,5996,5892,6534,6850,5805,6556,6843,6194,6253,6762,6440,6514,6502,6131,6092,6356,6568,6183,6589,6166,6296,6259,5928,6465,6210,6411,6510,5840,6479,6587,6608,6900,6211,6137,6602,6368,5970,5363,6484,6506,5402,6206,6323,6301,6116,6466,5973,6409,6337,6286,6244,6619,5832,6248,5965,6635,6151,5247,6722,6389,6271.93103448276
7050,6804,6245,6878,6758,7090,6959,6337,6884,5968,7172,7193,6622,7159,7077,7282,6090,7312,7289,6916,7036,6680,6825,6511,6724,6422,6223,6369,6854,7118,7548,6500,6865,7252,6934,6415,7227,7102,6389,7514,6386,6940,5814,6929,6352,7497,6650,6435,6380,7136,6160,6113,6577,7096,6251,6841,6524,4403,6350,6858,6880,6736,6923,5563,7537,6900,7077,7005,6466,6768,6621,6953,5963,6847,7387,6763,6663,6927,6786,5871,6723,6706,5230,7394,7134,6353,6264,6709.48275862069
7893,7873,7654,8075,8243,8005,7608,7805,8075,7761,7980,7804,7590,7885,7487,8063,7678,8371,7976,7651,7493,7776,8056,7858,7712,7616,7664,7308,7741,8112,7912,7256,8057,8305,7754,8037,7986,8139,7299,7877,7269,7815,7766,7704,7952,7972,7300,7712,7824,7681,7579,8234,8142,7511,7088,8075,7489,8163,7444,7861,8464,7640,7476,7656,8174,7551,6611,7652,7520,7745,8059,7698,8331,7132,7914,7539,8156,7899,7368,7509,7385,7580,7698,7914,8851,7916,7223,7777.89655172414
8571,8912,8926,8370,8707,8466,8956,8643,8727,9393,8608,8893,8280,8480,8617,8485,8751,8890,8226,8471,8794,8532,8601,8074,8475,8208,7674,8779,8236,8967,9063,8283,8571,8473,8329,8224,8958,9032,8561,8826,8253,8482,8852,7880,8347,8562,8209,7956,8077,7995,8333,8794,8525,9004,7697,9150,8462,8895,8289,8117,9621,8604,9236,8495,8982,8960,9024,8988,8875,8926,8571,9154,8185,8136,8595,7786,8256,8241,8174,9066,8312,8963,9054,8524,8787,9030,8419,8584.77011494253
9325,9654,9890,9044,9508,8792,9685,9541,9762,10265,9333,9696,9480,9530,9535,10092,10101,9553,9725,8895,9969,9470,9269,9145,9776,9726,9243,9390,9250,9524,9759,8721,8903,9673,9648,9909,9386,10352,9369,9626,9066,8840,9706,8712,9880,10058,9685,9533,9440,9131,9659,9982,9357,9326,8944,9288,9133,10180,9439,9622,6203,9804,9758,9672,10142,9616,12723,10210,9931,9373,10071,8763,9432,9521,5255,8167,10205,9419,9208,10617,9618,9348,9686,9762,9543,9389,9473,9487.40229885057
10393,10667,11412,10088,9977,10017,11311,11068,10843,11129,10487,10452,10756,10690,10451,10712,10929,10574,10852,9699,10891,10704,9613,9996,10018,10757,10860,10700,9999,10243,10808,10299,10546,10051,10929,10562,10195,11311,10747,10090,10518,9967,10774,9689,11212,11137,10458,9764,9800,10560,10602,10949,10510,10075,10270,10436,9801,11263,10015,10525,11207,11353,10047,10907,10171,10610,10759,10346,10772,10486,10805,11270,10589,11001,10658,8171,10645,10129,9865,11718,10408,10759,10236,10739,11339,10520,10829,10534.367816092
11232,11396,11448,10490,11270,11317,11391,11207,11389,10949,11291,10870,11767,11725,11056,11774,11799,11193,11328,11460,11168,11562,10804,11296,11040,11347,11547,10945,11185,10762,11672,11203,11203,11216,11608,11601,10804,12143,11856,10974,11669,11345,11331,10415,10901,12125,11709,11256,11178,11541,11544,11718,11521,10951,9911,11300,11163,11544,11313,11156,12273,11533,9956,12341,11470,12146,9915,11362,11373,10776,10744,10049,11554,11479,13004,9705,11902,11384,11457,12234,11470,11762,10603,11385,10852,11408,11714,11307.2413793103
11812,12567,12334,11279,11595,11743,11142,11703,11824,12691,11422,11931,12125,12135,10795,12519,12655,12603,11612,12115,12089,11875,11042,12032,11728,11960,11769,11338,11443,11560,12265,11831,11451,11185,12274,12821,11525,11219,11184,11811,12522,13221,11978,11396,12878,12618,12002,11643,11507,11892,11778,11723,11565,11206,11066,11641,11649,13045,11839,11570,12325,10458,11590,12208,10878,11471,10877,12354,12041,11789,11648,12153,11969,12143,14486,10659,12217,11953,11462,12131,11874,11678,13171,11685,11190,11213,11366,11847.4942528736
13400,13208,12244,12383,13080,13329,13084,11773,13256,10588,11532,13387,13063,13731,13554,13077,12009,13576,13160,13511,13761,13246,13204,12750,12833,13261,13187,13400,13437,12968,13833,13000,13220,13047,13389,12940,13333,13091,12425,13343,14533,13595,10389,12957,11961,14133,12910,13358,13415,13004,12796,10592,12949,12849,13327,13669,13533,9648,12130,12772,13312,13616,12043,11014,13024,13510,13182,11780,13618,13094,12970,13434,13425,12148,13646,12876,13990,13531,13144,11681,13971,12962,9264,12717,12998,11700,11749,12868.183908046
13780,14171,15420,13945,15376,13132,14333,13698,13456,15804,13543,14590,14910,14337,13884,14130,14547,14761,13420,14684,14061,14038,13865,13865,14135,14242,14869,13785,14830,13998,14641,14045,13514,13203,13729,14108,14229,13634,14246,15306,14225,13717,13770,14018,12828,14592,13920,13979,14142,13907,14288,13996,13759,13810,14344,14189,14655,15176,14433,14373,14159,13979,13951,13446,13830,14093,15023,14729,14150,14260,14362,13306,14150,14280,14469,14001,14584,14239,14286,13489,14547,14007,15937,14385,14397,12856,14940,14186.6666666667
15178,15261,15187,15628,16897,15555,15113,15280,15007,16182,15545,16032,16712,15394,16352,15113,15474,14071,14496,16579,15779,15427,15214,14923,15530,15721,16507,15846,15884,15329,15955,14790,15357,14669,13182,15544,15921,14500,15667,16758,16998,15230,16481,15956,16671,14177,15346,15586,15935,15545,16688,16530,14938,15705,16384,15653,14675,18113,15908,15774,15220,16537,15403,16094,14704,16332,16419,16433,14960,15413,15255,14838,15265,16522,14796,15932,16058,15569,15801,15117,15612,15529,18518,14552,15495,17045,16485,15675.3563218391
16173,16464,16548,16304,16752,15584,17343,16404,15874,16528,12415,17006,16799,16424,16305,16247,15624,17804,16368,16645,16079,16550,16208,16234,16629,16698,15625,17056,16469,16084,15245,16899,17918,15569,15680,15368,17364,14938,15674,15772,16128,16487,17913,16235,14894,15493,15460,16048,17233,17337,16435,17297,15311,16916,16527,16448,14640,16049,15286,15892,16136,17379,16763,16032,16170,15719,17382,16425,15658,16217,16131,17329,14140,17438,16039,17393,17425,16307,16532,16975,16304,16198,16864,16001,20058,16107,16964,16342.3563218391
17670,18109,17768,18448,17741,18479,17760,19264,17536,17171,17217,19038,19336,17265,17635,18540,18230,19107,16146,18772,17315,18070,18280,18198,18236,18118,18392,18843,19020,18182,18211,18166,19654,16380,16827,18510,18381,17536,19096,20919,18375,18442,19145,18940,17832,17234,18133,18179,19355,18128,17713,18117,18273,18785,19752,18478,17078,19159,18258,18535,17132,17775,18504,20351,17008,18001,16753,19266,17217,19008,18820,17695,18283,18991,12548,18116,18527,18120,17854,19388,18115,17710,18696,18418,19407,16484,18377,18184.3793103448
18643,19248,18929,19488,18372,20226,19752,21051,19026,21265,18583,20229,20538,18116,18340,19376,19570,19062,19106,19933,18013,18663,18850,18337,19783,19162,19918,19723,21172,19404,19457,20019,22869,18400,18304,19621,19029,20211,23394,22320,18919,17607,20607,19803,18101,17812,19314,18663,20152,19766,19502,19440,19517,19865,20861,18683,20360,20079,19408,18587,18399,18610,21131,19556,18469,19576,17729,17904,19516,19875,20320,19979,20284,19432,20587,19658,20128,19462,19549,20383,19011,18789,18455,19492,18408,16532,19769,19466.1034482759
19159,19925,20552,20987,19817,20073,22162,22723,20061,24902,20275,20510,20704,18671,19999,20736,20365,21004,21464,20547,19477,19655,20409,20988,20295,20600,20621,20917,21472,18793,19585,20981,23126,21435,21257,20257,20563,21486,26232,15723,18805,21936,20677,21055,18406,19507,20601,20499,21414,20520,20709,20065,20454,19350,19312,20087,16365,19713,20906,19725,20030,20097,21680,19787,20917,20921,19430,20674,21516,20218,21267,20607,20764,20000,23676,21756,21196,20811,20204,21123,20531,20878,18788,21093,20117,21080,19375,20541.9540229885
20822,21416,21973,21875,20813,20814,22676,21872,21592,24726,22131,21804,21983,19933,21651,22005,21696,21549,23832,21772,20981,20618,21307,20530,21118,21827,21064,22152,23276,21509,20502,22723,24692,22723,24129,21557,21114,22482,22443,23004,21379,22383,22234,21331,20514,20892,21403,21007,21493,22101,21257,21384,21727,21567,20395,20536,23343,21531,20982,21035,21319,22195,22397,20925,21837,19886,21138,22296,22995,21822,21269,22149,22426,21181,21732,21353,21916,22262,20882,21622,21697,22115,20442,22225,20756,22761,22039,21733.5287356322
21262,21563,22104,22268,22607,21189,20460,21603,21811,21671,23036,20926,22159,20699,21800,22509,22349,20517,23261,22182,21684,21937,22688,23089,21831,22708,22615,22300,23474,21363,21497,23307,19842,22510,23670,22019,21215,21896,20530,22434,22638,23403,22927,22620,21494,22046,21966,22377,22085,22315,21781,22677,22544,21293,22362,22935,25113,21627,22324,21553,19492,22370,21403,22945,22629,18437,21788,22114,23722,22302,22936,21274,23210,21977,24470,22835,22307,22851,21839,21960,22392,23296,22836,22423,20829,23539,21613,22143.1494252874
22634,22814,22490,23336,22809,24131,23482,21741,22526,21961,23804,21735,22686,21574,23189,23265,22668,23024,24614,22906,23283,22952,23320,23279,22441,22896,23378,23837,23541,22454,21104,24205,15081,22771,25493,22415,22673,21284,22202,23015,23919,23558,23432,23638,24663,23075,22544,22379,23067,22970,22989,24285,23166,22620,23301,23376,25132,22979,23400,22674,22095,23545,24686,24500,24681,17643,22022,23797,25287,23791,22409,23065,23293,23510,22813,24087,22148,23181,21758,21849,22372,22992,23859,23675,22336,23884,22312,22962.8735632184
24418,23348,23186,23923,23278,24392,23045,22630,22974,20964,23115,21975,22751,22041,22985,23296,23616,22881,25424,23281,23315,23378,24111,24052,23085,23170,23601,24081,21881,23133,21366,25323,24265,24777,25047,22690,23667,21829,22415,23818,24297,24397,20239,23009,21846,23295,22789,23014,22267,22921,23680,22628,23510,23165,23824,23078,25638,21700,22352,22610,23480,23373,26710,24422,23066,18921,23194,23526,27341,22386,20766,23778,22426,23382,23737,22579,23386,23186,22902,19935,21734,23373,22552,23201,23827,23434,24601,23195.4482758621
25198,23791,22806,25536,24060,24909,25596,22825,23508,23475,24906,22770,23427,23990,23102,23738,24085,25563,24025,24162,24471,24396,24245,23642,24210,25371,23569,24114,23140,24834,20684,25699,24740,24913,25666,24330,24875,23791,23612,24428,22330,24017,23932,21857,25563,23659,23678,23640,22877,24311,24337,24972,23445,23730,23823,23890,26020,23437,23743,23707,24615,24819,25518,24404,24374,25624,23355,24932,26933,25089,24149,25046,23444,24284,27008,22321,23460,23878,23743,23246,23193,24376,23121,24365,24386,24835,25864,24178.7586206897
27470,24485,23100,27035,24533,25470,24783,23822,25783,25519,24659,23434,23985,24783,23494,23781,24062,25700,23364,23236,25063,25529,25142,25213,25240,25552,25191,24542,24643,24096,22330,26538,24758,25055,25790,26490,24040,25293,23976,24271,25275,24716,24135,25475,29447,24301,24611,25376,25455,24846,25980,24846,24975,25207,24972,23839,25801,24098,25490,25349,25468,23952,24654,24636,24267,26043,24230,25634,25888,25373,25056,25171,24442,24876,25363,22633,24231,24765,24365,24681,23809,23491,24449,24744,24570,25553,25378,24863.9770114943
27595,24518,24174,26899,24664,24890,25374,24000,25444,26964,25689,25092,24654,26032,25196,23972,24838,24603,25220,23223,25607,26859,24739,25603,25999,26098,23952,24903,24690,26064,23554,26895,24800,26702,26828,25401,26483,26718,24198,24925,24119,24133,25210,24755,27610,25236,25688,25158,24404,25552,25266,24838,25335,25378,25622,26306,25286,24105,24362,25441,27066,24691,26647,24721,24139,26174,25915,25465,22807,25645,24499,24927,24992,24114,24733,28515,24385,24793,24124,26190,25741,25053,25543,26001,25484,25769,25389,25303.275862069
28317,24957,22287,26437,25771,24540,25491,25770,26223,27727,26524,25163,25049,26916,27013,25512,26000,24439,25294,22671,26793,27106,25328,26690,27259,25059,26579,25772,26286,26316,24282,27043,26212,27045,27668,26503,27063,28872,27256,24340,26691,23744,26473,27510,26885,27179,26194,26248,25805,26174,26632,24708,26575,25835,26487,26947,26252,26661,26971,26394,28161,25986,25278,25380,25697,26391,27237,24223,20970,24918,26029,26087,26609,25547,26114,29160,24948,24708,26269,28367,26404,24401,26066,25670,25296,24860,25541,26025.9195402299
28324,26627,25562,27064,26784,27381,26828,26991,27867,28640,26299,25705,26185,27872,28296,26124,26346,26468,27177,23834,28151,28380,26612,28189,28542,27807,27309,26386,25511,26529,27096,26992,27117,26380,25300,27845,27937,28139,27823,24574,27713,25637,26818,28529,27613,28356,26613,27197,26512,26763,26538,25245,26923,26844,27097,27404,28940,25898,27646,27152,29735,27444,25099,27058,26300,29427,28736,28052,20889,27132,27368,25589,26794,26116,26632,30603,26377,25954,28379,28592,27355,27552,27800,26924,26784,26907,25840,27032.9770114943
28301,25918,25201,27612,27172,28257,27419,28064,28286,26703,27134,25592,27720,29010,29305,26531,26763,27309,28290,26353,27866,27928,27389,28265,27514,28353,27435,26246,26508,26584,29309,26683,27538,25102,27699,26865,25843,26759,27474,26541,28871,26226,27265,29019,26642,27223,27665,27192,26817,26507,26957,26243,27867,27360,27563,26872,30632,26787,27309,27793,19652,27104,24899,28404,25387,28701,27133,29880,22146,26971,27268,26666,27798,25295,25589,14264,26072,26839,28427,27649,28644,28405,27854,27207,26470,28668,26698,27008.5172413793
28754,26505,28310,28720,28171,28879,29280,26420,28731,28995,28439,26432,28685,30580,30773,26196,27626,27423,28397,29334,29651,29342,27933,25423,28828,28361,28070,28262,27320,28225,29058,28149,29679,28090,29489,27598,28624,26085,29368,27176,27656,28803,28948,28652,27179,29238,28336,28423,27418,27339,26515,28968,28331,29305,28819,28459,29367,27972,27802,28411,31345,28598,29110,27288,27430,29567,28672,29684,26690,28289,28397,28116,27368,26401,25455,33014,27259,27368,29295,25016,29717,28716,28259,28334,27846,29927,28544,28310.6551724138
29232,29550,30937,29725,29192,28776,30197,29784,29302,29073,29610,30147,29738,30548,31084,28474,28875,28449,28721,31901,30045,30200,28951,28848,29570,28044,28334,29035,29371,29078,32044,28248,30938,29212,30494,32230,27574,25930,30467,28022,29653,29849,30066,28881,28553,28628,28552,29873,28104,28517,27789,33037,29779,29885,29317,28505,24661,28412,29147,28732,26012,28791,28872,29110,29289,29224,28650,30282,28467,28231,29528,29114,28792,28285,26438,34459,28633,28963,28250,28406,29826,28415,29347,29009,27814,28794,30242,29208.4252873563
29138,29202,31880,29679,27980,29065,30025,29884,29236,28273,30738,31901,28698,30774,28300,27941,28470,30050,29102,33400,27668,30028,29073,29043,28641,27014,28099,29002,30770,29625,33511,28407,29928,28966,30773,31291,23697,24821,28292,29835,29925,30289,29011,29456,28530,28497,28870,29470,27939,29421,29163,34014,29466,30733,29994,29151,20139,28805,29183,29137,32078,29177,29833,29701,29235,28554,28873,30024,28186,29600,29306,29463,29534,27855,28594,30641,29303,28841,28255,28631,28134,29746,29440,27859,28591,28297,29473,29202.724137931
28289,31057,33577,30909,30120,30591,31436,30483,29475,29329,30828,32937,29046,32070,30388,29159,29807,30709,31706,29574,31089,30636,29407,29876,30092,29820,29498,29934,31308,30393,32159,29502,31562,30529,31314,29684,29062,26733,28356,30889,30013,30530,30831,31023,29044,28302,29819,30687,30102,30027,31359,31967,30590,31129,29947,30088,29453,29422,30139,29646,33071,30799,29798,29845,30834,29855,29708,30513,26774,30720,30138,30741,30305,29825,31722,31569,29787,30193,31575,30374,30448,29494,30191,29910,29576,30229,29533,30287.1034482759
26718,31208,31818,31884,30686,30868,31448,30726,29745,30069,30534,32369,30326,32084,31172,29072,30372,31290,31493,29032,30206,31317,30159,29926,30786,31670,31492,30208,29023,31307,32765,30388,30400,30577,31370,28582,29468,28671,27628,32148,30036,30527,29746,31391,29485,28530,30529,31266,30738,29974,32186,28731,31589,31657,31950,31582,31633,31681,29806,30492,33280,31827,29476,30347,30182,28698,31394,29871,29298,30349,28167,30249,31690,29895,31391,30453,30763,30831,31101,32188,31450,30307,32120,30761,31084,31345,29418,30603.091954023
26723,32169,30919,31639,31087,31947,29839,31320,29361,30905,27530,28902,30189,32225,30869,30114,29912,30859,29594,30948,28649,31018,29727,30456,32014,29008,31908,30843,30755,31442,31928,31240,30352,31684,31585,28441,30928,34271,30559,30897,29993,29690,32739,32020,30499,31041,30234,31560,31479,29687,33408,29075,30882,30795,32756,31565,30975,33966,30499,30743,33893,30910,28910,29948,30284,30460,31377,30079,31882,30650,29767,30952,30741,31204,30927,32241,30635,31707,32596,32571,31465,29359,31330,30264,30623,29771,30126,30839.4712643678
26037,33040,31132,30635,32259,30615,29781,31769,29681,31341,32618,33165,30696,31733,29487,29834,30662,32249,30080,30661,27106,30978,29890,30330,32494,31019,30866,31140,32013,31866,30387,31452,30806,32537,32197,29942,30362,35159,30190,31032,27777,30342,31991,31507,30309,33556,30697,30473,31318,30347,33835,29053,30749,30050,24101,31394,31369,31191,30252,30235,33197,29951,29163,30532,30509,31706,32543,29440,35295,30901,29719,30258,31395,31062,29843,30861,30936,30880,31868,32580,31158,29611,30739,31054,32006,32576,31179,30928.1494252874
27531,33090,30946,30389,32124,31303,30646,30706,29342,28961,31410,32764,30916,30859,29686,29206,30985,31585,31561,33886,29791,30000,30702,30540,31637,32150,30307,31134,31666,32349,30782,31678,31206,33088,31760,29510,31925,31389,31419,31229,25922,32224,31873,31484,31019,33583,31463,30959,31869,31728,30167,29311,30742,30091,32559,31806,31720,30493,31340,31358,32234,29172,30895,30070,30697,30345,31697,30441,30973,31429,31056,30219,31111,31609,32268,30935,31153,31688,32133,32493,30415,32502,30416,30386,33005,32491,31708,31119.6551724138
31354,32672,32021,29797,30667,31133,27637,30773,25182,30535,30234,31253,30889,28523,30403,30159,30239,30681,30866,30719,30117,28438,31166,30626,28889,34366,31807,31251,30961,32792,30862,30510,30668,28557,30568,29491,31287,32072,30481,29838,28580,30798,28144,31874,31347,31251,32250,31282,32202,30423,29485,28754,30349,30078,32102,31756,28616,30706,28871,31133,31024,27142,30897,30909,31381,31682,30965,31168,34024,30778,30880,30223,30416,31466,32208,30740,31184,32636,31060,29643,30209,31268,29136,29488,32246,29809,31430,30626.4022988506
34408,31456,33396,29444,32248,31076,30401,31129,28246,30373,31061,31832,31173,25902,31213,30607,30436,30146,31721,26965,34775,27791,31158,30482,30508,35256,31134,31220,30722,33208,31668,32991,31186,32947,30464,29249,30364,30068,31993,32514,32347,31354,30775,31358,30652,30378,31860,30639,32370,31183,28737,29071,30536,30330,31588,31872,29919,30648,31676,31171,31251,31004,32088,31286,32431,32067,30594,31258,31553,30832,30794,30128,30962,31571,30763,30659,30813,32517,30368,29360,31141,31711,30741,28970,32094,32020,31413,31054.9885057471
34417,31333,33438,28974,31938,30964,32299,31750,30022,30819,32126,32134,31457,23888,30910,30822,30565,30826,31631,36654,30665,28326,31436,30339,31000,34048,30946,31654,28043,34083,30579,32727,30615,33058,28876,29852,30544,30838,31138,32338,33996,30891,30708,31546,31668,30864,31625,30965,31725,31355,27919,30293,30212,31876,30982,32148,28702,31774,31666,32000,31029,31872,33499,33073,34122,29821,30492,30409,31290,31050,30861,30182,30643,31849,31999,30525,31793,32842,31485,32052,32379,29963,31540,32424,32397,33311,31375,31324.8735632184
32961,29861,31953,28438,31343,30842,32702,31558,32122,31319,31751,32538,31749,29786,31684,30700,30383,30929,34019,34975,30709,29544,32161,30319,30520,32200,30006,31562,30694,34443,31424,32064,26901,32755,26778,30853,30179,30671,31269,33218,32032,30755,30354,30793,32073,29629,31496,30511,31106,31540,28514,32003,30296,31987,30421,30722,27245,33541,31651,31689,31008,32373,32294,32447,33018,29711,30866,29950,31203,31127,30552,29656,30682,31597,30828,31333,32091,32835,31594,33248,32211,30453,31218,33731,32072,32721,31654,31272.5747126437
29824,28468,29917,27674,29465,30945,30545,30679,33947,30538,29108,30814,32502,34666,31100,30722,29431,31161,30178,26565,29792,30093,32314,30280,33806,30891,31522,30620,30445,33181,30812,31646,29235,32775,26402,31780,32777,30123,29916,32283,29160,28528,29525,31003,30397,30975,31625,30992,30464,31235,28059,33861,30239,30797,29598,30747,28721,32576,31144,31658,29101,31477,31230,31519,31705,28611,29788,29904,33573,31325,30652,29957,30508,30978,30877,29956,32120,31421,29965,30579,31167,28839,31103,34215,31251,31027,30022,30725.4712643678
33065,27370,29739,27298,32939,31317,29821,30467,33096,29745,30999,30924,32323,31643,31376,30596,28947,31690,26023,32495,31213,30645,32336,30373,31606,32163,32167,31816,31505,31619,32951,25720,27511,31213,26927,32133,32811,32989,32296,32510,35840,30635,31492,30821,30561,30584,31826,31048,30733,30704,29030,33799,30367,31646,28490,30310,27950,31194,32218,31901,29735,31932,30114,29400,31298,30922,31988,30417,35401,30865,31176,30667,30184,31714,31877,32931,30817,33168,31333,29033,32064,34151,31304,31759,31071,30007,32541,31073.5057471264
32432,28834,30656,29309,32995,31816,28984,29888,33386,28797,31677,30138,32140,27137,31466,31184,30602,31136,33466,32844,35877,32142,33037,30366,29292,29639,32282,31767,32031,31020,31932,32857,37287,31406,30523,32457,33059,33091,33771,31638,29092,31712,31152,30537,31150,29991,32156,31624,30112,30906,33830,30689,31014,31714,26966,32440,30354,31927,32059,32998,29427,30825,28430,29332,30370,32355,32089,31186,26600,30678,31529,30950,31150,31776,32392,33601,31040,33106,31037,29415,32363,32796,31879,31508,31686,30069,33232,31351.7816091954
32392,31197,31003,28958,32302,31770,28803,30378,30031,28089,31701,29155,32172,35215,29116,32040,30924,30971,29805,25527,32664,33752,33211,31346,32623,30360,32316,30893,32489,29439,31205,32796,32271,30350,31359,32757,32997,32220,31297,31107,36279,32251,30653,30610,31755,31014,32269,32469,30211,31467,36136,30092,31949,31035,28091,32495,30277,32590,31150,32664,29161,31009,27001,29717,31035,34639,32625,31976,31690,32100,31917,31832,30617,32144,32292,34430,30896,32599,31980,29471,33003,34844,31055,28661,31672,29892,33200,31447.3103448276
33525,32392,31837,30279,31841,31923,31442,29203,32530,32291,31874,29714,31690,35153,31497,32877,32282,31703,30990,37226,32253,33264,33490,31993,33126,30863,32636,31096,34522,26252,30697,31821,32384,26149,34834,32139,31651,31421,31006,29351,35337,32497,31108,30009,31603,31835,32203,33026,29963,31349,37756,30011,32074,30605,32715,31438,33172,32194,32542,32722,31243,30984,28770,31476,30622,33170,33390,31779,30998,31621,31774,32172,31335,31824,31737,32212,29770,31603,31462,30663,32609,31190,31730,29805,31610,30853,32621,31797.6896551724
32098,32659,32148,34697,31668,31598,33319,27349,31072,32462,31874,28143,31307,32917,31545,32983,35875,32061,32647,32569,30274,33467,33247,30595,32519,30694,31886,31386,37679,22256,31813,30017,30515,26853,36793,30769,33705,32173,31887,26987,27127,32414,31539,28954,31436,32758,32436,34020,29791,30860,33839,31303,32215,30163,30681,30396,32649,33426,32912,33013,30677,30278,32696,31676,30717,32317,33625,31549,30685,32173,31983,31577,31066,32457,31247,29621,29228,29544,31466,30545,31209,32294,32471,30788,32043,31527,31054,31551.1609195402
32711,33602,32875,37201,32388,32350,35497,32717,30988,30976,31441,31933,30755,32624,32369,31948,34355,32063,31994,26732,30789,32783,33809,32330,31679,31507,31744,31811,36121,27242,33955,29413,28876,27010,27954,31647,29098,33083,32144,25471,34133,33508,31530,27159,31458,33136,32767,34132,32340,32136,31712,31420,32772,31779,32633,29812,32045,33868,33467,32817,29946,31138,35320,32554,31882,31409,32774,31546,27491,32428,32020,33572,32470,32977,31155,32417,30381,27184,32184,31604,32595,33695,31886,31937,32378,32715,30643,31826.5517241379
32374,32489,33714,36617,33569,32219,36297,32742,32385,31886,32274,30285,30004,32076,32299,32367,35381,31762,32709,37354,31121,32554,34274,32475,33034,31389,32831,32213,34080,38534,34711,31850,31185,29880,30159,32326,30391,34822,34415,24851,34022,33221,31661,28821,32375,32886,33098,34523,34346,32858,31623,33956,33842,34111,35121,29852,31394,32067,33559,33311,30152,32297,36860,34241,32499,32691,32329,30556,35280,33153,33047,34801,33465,33428,31618,29802,33413,25459,32615,33049,32608,33090,33922,33956,30341,33754,31592,32696.1264367816
32797,35360,34434,32443,32854,31888,35394,34805,34104,31836,33918,35335,33095,31519,33255,34026,32738,31958,33187,31737,35942,33639,35052,32181,33196,31361,33025,32753,32188,35924,33973,30502,29799,34076,38595,32853,33562,34118,33952,31848,28319,33798,31256,30403,33053,33298,33400,33607,33537,33086,29974,34071,34746,34374,34539,29711,39671,30519,32725,33324,32484,34015,35105,34877,35110,36241,30684,29740,30985,33375,33747,35130,34011,34409,31925,31101,30021,25945,31093,33753,33253,34292,33766,35589,27490,33702,32563,33069.4137931034
27783,37375,36168,31625,33614,29873,35371,33053,34088,34198,34262,33266,34118,28006,34157,32301,29399,33169,33542,33910,30425,33045,36328,32993,31614,31831,34444,34277,33474,37457,33505,31704,39485,40137,34842,34947,33701,35811,33964,35104,38302,34258,32709,36003,35216,33405,34897,33163,36152,33892,30017,35972,35497,34970,34526,32280,36616,30863,33838,33671,34262,34011,33326,34224,36593,34000,29215,28949,37367,34073,34454,35869,35350,35058,32592,34419,31349,38729,34143,34759,34541,35094,34071,33413,27068,34615,33525,33904.3908045977
31173,32735,37336,33287,33952,29186,33836,38195,32672,30570,34678,30336,36996,38739,34889,38709,34305,34860,33567,41604,31773,32696,36559,34072,32128,33796,35748,34531,32161,25430,33043,33712,33528,31768,29922,35256,36685,36040,35243,35833,40029,35995,35571,39855,34709,37065,35566,31322,35380,34714,30734,37311,35938,34865,35125,35245,38463,33378,35230,34473,35585,33853,36396,34438,37261,33211,28545,28876,35991,34778,35853,37300,36638,36198,35071,37939,35377,42240,34628,35434,35291,35292,34821,32733,36172,35149,35000,34742.3793103448
30626,32914,38287,35423,34712,34974,33682,38673,37006,33056,35891,36008,33441,35853,36354,38908,33571,37369,34793,40624,32207,34490,37954,34093,34611,35789,36515,35556,33316,34140,33615,41061,41398,29727,39800,35768,41117,36258,37208,38889,31482,37973,38589,36510,36624,36404,36961,29497,36411,36348,36224,36093,37224,35824,37065,37441,36830,34969,36342,36568,36086,35741,34342,34492,37856,34643,28237,31749,38388,36002,37408,38727,38191,37471,37295,36252,42213,37085,35724,36867,36124,35006,36225,34054,39317,36454,35378,36027.3908045977
35939,36054,39797,38115,35655,39267,35154,36938,41589,41287,36755,34765,37746,40544,38072,36485,38543,38652,39859,36469,37161,39986,39170,33067,37592,36453,37948,35295,37533,36047,37432,39197,34388,34102,31487,37418,40329,38314,40331,43306,36594,38765,41011,41943,40233,37513,38383,32307,35723,37935,34912,35584,38329,36978,38893,38476,43019,35838,37930,38173,38652,37470,38474,35320,37334,39906,32120,42448,37641,37034,39368,39559,40135,38930,36924,34521,42766,33678,37962,38326,37337,37171,37787,38271,38622,38500,38084,37782.9885057471
36036,41947,40053,38249,37625,36320,35644,37380,43393,41228,38630,39734,33790,42093,39273,42872,36208,39697,44593,38660,38438,41166,40756,35632,38399,36119,35834,35851,42548,48070,39440,35882,40485,52772,36531,39215,39746,38658,38825,41371,42928,40790,42083,36442,40602,39138,40459,35707,37657,39912,37684,35917,39864,37821,35461,39868,40644,36396,38511,39954,39164,41292,39276,38054,37029,40401,43715,42478,45603,39120,41602,41685,41967,40595,40584,38581,40480,32844,39000,40100,38287,39846,39400,43572,39509,40119,39653,39551.2298850575
47870,42631,38341,38290,36791,39041,36890,44053,40085,46274,42207,53725,38121,37085,43673,41516,54708,39820,24694,41531,43296,40300,41252,34069,46264,37762,35149,40410,40424,46352,42785,39961,38899,40467,37999,40545,43783,40127,39353,37218,39816,42575,44295,42062,46450,42042,42635,43930,43167,42906,45697,39147,42300,38699,37031,41022,43498,41334,40843,41431,40376,45462,41533,41470,40180,41449,43724,43056,44195,40861,43470,43498,44041,42215,41904,43357,40224,37583,41527,42328,39942,42758,41975,47079,48208,38900,42045,41586.2183908046
42348,40226,36323,45351,42784,43670,39697,47967,39585,44469,42787,47580,41833,42346,43517,41481,42392,41809,28624,43374,47835,41650,42686,37013,42892,42693,38372,46119,40461,40002,45242,50047,44503,45214,38900,42065,43871,43777,40208,40140,47184,44809,45008,46525,46926,43695,43824,42770,42549,45275,43191,41726,44410,39903,46696,42291,45232,40929,42651,43106,41449,48129,41812,43915,47611,47201,47589,49027,44939,43536,45929,46370,45355,44022,43398,48190,42272,44755,44259,45072,40887,43635,43683,42453,46927,36270,43812,43368.3908045977
48511,43004,35684,54295,48564,49937,47566,43887,49242,44654,44319,45028,40474,42061,48834,47500,47173,44411,44500,39060,46236,43205,45233,41707,42560,44374,39339,44213,44151,40567,46711,43635,52373,42430,56215,43471,36755,46356,43250,43628,43663,47533,46992,42956,46729,47273,43689,46011,44274,47589,42583,46894,46759,43717,52725,47798,54591,46631,45760,44252,44573,49981,45891,43973,48345,50404,49224,48689,50795,46439,47124,46592,47640,46308,47380,53116,46668,54723,46479,47940,44625,45085,46515,40420,41550,33910,46489,45797.816091954
50934,53558,36389,47782,46523,50404,57941,41354,55269,53089,45076,47415,35225,56385,48713,52103,47165,46483,54009,51301,47203,51547,46019,46543,48789,44148,40127,47069,51086,40869,44669,44045,46946,57573,42651,45303,49530,48825,46193,53510,49419,46733,48157,49381,46322,50103,45424,43438,46589,50176,52261,49170,48400,47601,43534,49556,50846,53260,51152,43436,51527,50881,51878,52110,47034,56190,46578,44767,46448,48203,49049,47892,48705,48107,52665,50850,54099,55015,48559,51845,45713,45160,47496,32861,44399,36109,50116,48149.1609195402
43732,56688,44074,51822,49409,58784,55993,52404,56554,51191,47257,46840,58342,60378,49073,59401,59042,47648,47270,55334,55280,50671,47448,48702,50623,51859,56958,62114,50598,50039,47977,63648,52626,47668,56956,49036,55040,51540,49965,43703,45324,47066,48883,55007,47980,52919,48337,61073,57050,52949,61951,48842,51146,51107,50200,52343,47195,54448,54218,41452,54598,47054,54778,52368,46696,61438,49283,51882,52148,51708,51590,49062,51296,50175,57939,50463,60852,50638,51882,51542,47297,44080,50060,54720,51795,56237,52055,52032.3333333333
60571,48917,58065,59240,56628,52231,46368,60384,56047,64288,50632,61959,55979,58102,50827,52368,55616,50266,68705,52390,57711,56519,47484,52077,53572,56263,68807,62807,52515,71770,50870,48549,46854,57052,53360,55890,51756,57647,54932,56764,56511,48347,49062,62402,52603,55620,52759,62661,54696,54134,55002,49317,53354,55065,58123,52905,48794,55264,57781,49649,52567,48428,56062,57194,51391,59507,55578,64440,63942,54993,52873,49258,51512,52769,55036,54121,53097,46481,52950,53091,49153,43829,55481,65599,50208,52340,54256,54861.9195402299
63826,60991,68721,47783,48313,58756,56003,50138,51274,54780,54290,53202,78449,55169,54915,61459,53319,51258,54530,51918,65131,58382,48757,49904,51984,65200,47400,52833,53059,47408,52701,64916,62347,60506,58060,54745,59580,56445,57045,49574,56525,52268,51039,49836,54645,58135,54339,60291,48543,54161,54910,51241,54705,56750,48378,60836,50017,54256,55090,70002,64769,55876,59466,56885,53202,51442,57281,60016,57603,57242,53418,51423,53610,53780,60145,52545,53215,47492,53930,52090,58272,61453,55973,63478,72421,81133,53395,56236.7011494253
55427,64123,59020,58605,67816,57345,53680,58413,46818,55418,63904,58990,56262,54688,52478,52875,53330,53067,49362,51274,48579,47120,47915,62185,54290,65947,54823,59802,59287,42934,52238,49296,45492,60255,61991,54308,52935,51391,54815,60769,55109,53492,51385,59035,53617,60722,56580,50144,55895,52410,62308,54586,55890,56768,51821,55473,51190,53164,52541,62886,50718,46949,48130,51824,54301,47007,55221,53383,61604,54747,53256,53356,51104,52684,55351,49810,59195,50911,53812,49575,61132,57014,54446,57621,50280,58949,52514,54703.183908046
44609,43638,54779,53200,46846,53008,52192,59780,65569,55065,54750,48932,54878,51868,52614,53119,49113,51948,59839,49026,50000,57460,52512,50825,54862,58052,48580,57515,51353,54138,50305,55187,55498,48901,46819,51008,54082,49894,51656,55976,42022,51244,54197,60534,51133,52005,53901,48414,50140,50532,50755,58724,52186,54918,49166,51764,50216,50533,47879,57356,48738,44710,43546,57845,57484,45339,52301,52595,51732,53122,50457,52572,49210,50654,47446,49217,57758,64252,51057,44696,56769,51223,50670,51873,58590,53649,47272,52204.5057471264
61753,51890,45153,52808,62905,47782,48122,45630,49709,47303,55645,48785,55292,44289,52746,53349,53739,49757,57219,47210,46163,56765,45234,54528,51584,48293,53755,40013,49117,47513,48619,46581,50018,48082,55608,52252,46151,49813,47629,53516,51365,49347,51391,40746,50547,41408,50435,48257,52441,47453,43779,55000,46718,51324,49147,49850,48973,48287,48903,53967,51923,51441,48213,51342,49657,46438,52874,67853,53693,50154,48026,50075,47282,48806,47011,41602,46193,68115,48854,43525,56572,48039,48314,45228,44375,52454,42175,50021.7471264368
44400,35131,45785,44052,39585,47964,46370,49286,40837,37872,47632,48177,46303,36581,45139,42016,47119,47808,41356,43714,40059,44294,45669,51998,46773,41756,48858,37491,45622,58156,43859,41787,49255,43625,40927,47353,45377,45132,43730,48214,50212,45195,45109,47161,45368,37104,45620,41096,44020,47348,48034,51182,42569,43923,50130,42655,45281,46737,46222,46857,49256,51395,50373,43589,46328,43236,48774,47761,39218,46278,44601,46717,43674,44138,43173,46693,30935,44084,45177,44186,44683,45857,43874,39405,44021,46714,44811,44917.6551724138
40388,58677,46100,44421,42221,42917,43426,48405,42837,44205,39654,43970,29760,41977,45281,41385,43034,50178,38660,40984,46316,41609,42451,45169,43562,36730,40422,40562,42481,43519,46469,35191,34269,40612,38759,51025,39389,38995,42593,42228,47742,48652,44137,41638,43327,37934,42911,40112,46179,45779,44052,43460,39098,41382,45955,41004,44461,46584,43911,38780,43516,44510,44012,40396,43973,39256,42815,37387,38007,41402,42408,42606,41171,42957,39400,44115,30701,40996,50520,46645,38921,45405,42674,39414,39098,37118,42932,42417.0574712644
41279,28924,39067,31126,37843,40276,39409,33082,41693,36876,29656,35482,38888,41261,41110,40901,37350,40426,34688,36657,40026,39944,38019,44315,37932,33095,42411,42612,40096,35353,39412,37384,37795,30884,42969,36288,32776,33327,38423,39588,39382,35780,41969,32061,37078,34088,37702,39947,39319,38396,35730,36171,35443,36143,39751,37087,36553,38230,40838,35171,35595,36994,35680,35391,35962,36572,37675,33624,29708,36510,37729,36916,37230,39045,35286,36609,32228,35189,33016,43986,38030,46812,37621,35943,36476,33785,42159,37324.7471264368
29310,32066,33818,35547,32437,33198,34111,28772,31465,30566,31238,32777,32942,32781,32593,31995,31159,30958,38584,31717,32187,35444,36961,65893,34392,39385,38040,36183,31432,36048,34148,35867,37214,30364,32808,33084,31158,28846,34284,32385,34409,33700,37642,30555,33866,30927,32351,34942,30987,33967,30024,31636,32469,33160,33791,35646,34175,33501,32231,28497,35052,38486,32279,31254,32032,33095,35998,31145,24295,32958,34585,34715,34571,36606,31080,33519,36240,30791,30325,35305,31291,33304,31809,35010,33208,29886,37232,33548.3218390805
29963,28228,29281,28621,31665,25264,29480,29090,27793,29848,37450,28057,28630,32531,27765,26530,29448,32482,31721,28016,30987,25982,33343,24431,28427,29987,32804,30350,27996,29430,27728,29312,30766,30051,27341,31875,30070,30576,29195,27993,22267,29510,27866,31013,29360,28341,28467,32143,34284,29026,27347,27963,29847,30297,29123,29446,28092,28783,25624,24264,29083,31250,27816,27979,34876,27510,27658,24479,21772,28712,29483,28535,29846,29913,27502,28783,30605,25730,28150,34255,27536,28517,28712,30911,26865,38173,27447,29145.6091954023
21703,26302,24485,28984,26133,22644,24920,26517,26522,21778,26236,28229,22186,28867,25827,22826,24207,27122,25654,26034,26307,23648,27218,22180,25544,24412,29963,22525,25452,23936,24016,29520,26025,28621,25678,25530,27659,30320,25346,29160,28152,26315,25705,24812,24019,25869,23902,26599,24412,26122,25742,26282,27155,27080,25930,23812,25106,25524,23833,22508,26447,25011,26169,25204,24052,24064,29775,21373,23926,24940,26322,24631,26795,24987,24517,26340,28117,24691,25434,27403,26107,23741,26949,26583,25497,24343,22446,25574.4712643678
23032,25297,20650,23172,19950,21444,20960,22554,21658,22085,20610,22391,33453,21938,21960,19301,20641,21340,27195,22238,22466,20453,23178,23142,22468,21363,21292,19681,20568,22693,21425,24393,24977,22784,23764,22166,26159,24109,22389,24113,20609,23080,21225,20763,20696,22598,21421,24752,22249,21849,20375,22091,24535,23545,23249,21787,21159,25370,20578,20114,21162,22757,22991,22667,20743,21491,22993,20581,23388,21911,22054,21702,22796,22329,21781,22018,26354,21683,23447,23733,20102,21801,22548,20176,24467,19982,24598,22410.9425287356
20226,18757,21725,18488,17198,21343,18593,20255,18271,20443,18373,15121,17955,16806,18379,16073,20195,18157,19504,24999,19225,18614,19666,18547,19724,20293,19447,21062,18087,22783,20842,16211,16664,21572,18189,19917,22497,19394,19009,19512,17419,20306,18450,17301,20048,20278,18388,19868,22645,19588,17845,19079,19580,19634,21479,17795,18731,18046,18205,19306,18435,18007,18290,19110,16826,20042,19448,21052,19825,18328,19478,18907,19472,18141,18567,18420,19157,20501,23996,20013,21785,17186,18308,21942,20261,20191,23866,19375.4137931034
20826,16411,18005,15419,17084,18488,16172,16897,16192,18057,16885,13956,15793,14113,16687,15233,17897,17130,15405,17008,17651,20145,15810,15925,16607,16075,16294,17440,16584,14126,17153,16305,15853,18840,16094,16360,14380,16061,15822,16114,18293,17228,15511,16575,16734,17456,15783,18238,15740,16560,15689,16706,16817,16211,17789,17202,16209,15235,17585,20766,15192,17233,17391,16408,17316,16973,16654,15459,15070,15952,16324,15871,16873,14989,16562,16094,16690,19782,17394,14883,16457,17119,15263,19238,17818,17076,16354,16667.3448275862
12523,15115,14192,12912,14439,15351,13697,13103,10920,13304,17784,12751,15419,11953,13021,13969,11658,15655,14841,14608,14056,14468,14385,15385,14492,12456,12994,12220,13650,13463,15457,11904,12749,15650,13721,13743,13118,13845,13536,14193,13915,14002,13236,14088,14354,15290,13550,14018,13300,12932,16517,14373,13815,14076,15688,13729,13921,13018,13794,15277,12769,13490,15120,13736,13939,14050,13107,12725,15461,13373,13672,13375,13917,12996,13782,13477,14725,15247,15735,11690,14863,14501,13108,12672,12879,13100,14779,13883.6896551724
14256,10944,11873,10837,11553,10982,12013,9976,10879,11897,14098,11747,12345,9855,11488,11109,9337,11921,11500,12342,10966,10067,17788,11308,11377,11076,10394,12282,10974,12059,12010,14489,11072,13119,10776,11736,10759,12182,12190,11268,10714,11559,10151,12285,11616,13436,12079,11245,12703,11517,12572,12519,12122,12891,13214,12529,12450,11982,11703,11540,10761,12605,11182,12383,12275,11752,11163,10458,12155,11315,11640,11651,11972,11233,12125,11876,12513,12123,11071,10836,11446,13818,11371,10246,11643,11888,11739,11780.5862068966
7352,8590,12317,9067,9739,8106,9173,8572,10218,9536,8805,9822,8622,8428,8478,9721,7554,9106,10751,10002,7478,8231,6963,8004,9602,8996,8463,8405,9106,16719,9699,7293,9898,8951,8926,9317,9626,10445,9767,8618,9238,9289,9001,9794,9227,10374,10064,8766,9893,9163,9733,9353,9273,10240,9894,11852,10155,9141,10455,7820,8533,9212,9488,9566,7662,9532,8678,7852,10142,9126,9411,9674,9225,9385,9970,9644,8935,8096,8801,9848,8550,7896,9690,8796,8469,8863,9298,9259
7557,7172,8288,7802,7948,6527,7693,7548,7972,6704,6997,9248,6767,7295,7309,8372,7036,7898,7098,8655,7117,7101,6196,6473,7716,7430,7257,6760,7959,6412,8034,7145,7732,6530,6868,8047,8602,8551,8130,6401,7967,7375,7826,7678,6959,8705,8667,6968,7279,7774,8169,7596,7581,8540,8532,7969,8310,7614,8565,7565,7463,7660,7903,8333,7624,8152,7582,6801,7679,7579,7917,7965,7688,7978,8742,7980,7190,5580,6743,7831,7502,9606,8818,8748,7508,7548,7394,7649.42528735632
7081,5798,5585,6807,6736,5036,6358,6921,5464,5051,5271,7342,5227,7777,6263,6328,6064,6640,6989,7141,7136,6141,7103,6471,6216,6824,7241,6637,6310,4781,7242,5769,7130,6176,5969,6618,7200,7337,6754,5101,6680,6215,6946,7996,6255,7379,7073,5891,6258,6313,6507,6286,6363,6680,5881,6803,7412,6474,6757,6299,6955,5305,7701,7074,6802,6604,6203,5798,6256,6101,6476,6603,6435,6743,7392,6348,6075,4543,6555,6495,6452,6987,8069,8998,6498,5759,6119,6504.01149425287
4686,5627,4335,5363,4753,4460,5739,5052,4181,4366,4847,5948,4001,5897,6098,4377,5531,6162,5024,5941,5661,5295,6228,6642,5580,5953,5156,5817,4645,4418,6565,6355,6550,4936,5248,5748,5964,5076,6051,4492,5169,5026,5951,5674,5802,5986,5969,5300,5333,5540,5215,5376,5346,5427,5290,5165,5529,5546,5372,5315,5944,4902,5792,5850,5515,5622,4440,4930,5075,5149,5285,5760,5188,5588,6383,5569,5699,4407,6488,5407,5016,5310,5893,6317,4875,5630,6097,5427.93103448276
4839,4961,4159,4483,4269,3584,4675,4299,3822,3802,3978,5331,3856,4864,4736,3954,4686,4674,4364,4815,5401,4466,5995,5436,4153,4617,4317,3708,3928,3847,6034,5022,4306,4838,5160,5006,4807,4179,4870,3967,4099,4158,4566,4403,5146,5114,4921,4271,4739,4319,4187,4350,4582,4274,4364,4307,4763,4712,4685,5103,4971,3923,4033,4753,5340,4632,3683,3749,4045,4368,4307,4549,4325,4630,5056,4314,4448,4269,5553,4576,4240,4019,5145,3564,3824,3622,5492,4513.80459770115
2929,3848,3784,3565,4304,3056,3920,3267,3347,3157,3183,3297,3242,4502,4079,3570,3953,3703,4317,4068,4348,3690,4564,4196,3264,3523,3704,3776,3516,3643,5675,4713,3421,3516,4600,3962,4167,3390,3681,3370,3771,3499,4279,3619,3799,4245,3984,4096,3465,4150,3897,3802,3626,3286,4233,3229,4064,3915,3616,3934,4057,3438,2789,3966,3631,4048,3111,3021,3013,3768,3628,3578,3472,4016,4065,3525,3796,3994,3965,3767,3923,3895,5035,3068,3667,3090,5946,3788.40229885057
3049,3365,3515,3106,3004,2936,3391,3046,3473,2847,2740,2096,3223,3587,2867,3303,3173,3624,2967,3339,3635,3665,2745,3343,2861,3167,2969,3753,3556,3232,3307,3551,3724,1875,3945,2888,3440,3115,3292,2991,3129,3066,3387,3464,3080,3580,3329,2997,2866,3461,2857,3070,3214,2549,3435,3270,3577,3026,3197,4291,3542,3067,2539,3311,2883,3303,2722,2647,2345,3333,3389,3034,3509,3189,3577,3047,2789,2797,3266,3291,2769,3306,3731,2446,3025,2611,2984,3160.94252873563
2487,2246,2655,2540,2299,2291,2616,2142,2591,2246,2085,1828,2943,2661,2492,2208,2560,2653,2025,2883,2396,2240,3168,3013,1993,2241,2282,2687,2533,2589,1918,2791,3095,1195,2419,2342,2760,2099,2615,2584,2397,2432,2647,2178,2410,2956,2830,2318,2341,2479,2010,2624,2666,2417,2494,2428,2755,2561,2573,2632,2769,2558,1986,2614,2330,2561,2538,2128,1771,3178,2403,2464,2919,2605,2647,2710,2465,2288,2344,2722,2487,2226,2623,1747,2625,2146,2024,2453.29885057471
1841,2112,1799,2068,1963,2090,2168,1750,2179,1980,1838,1727,2148,2233,2001,2154,2100,2109,1725,2373,2322,1496,2359,1771,1843,1721,1857,1745,2126,2399,1697,1105,1949,1005,1799,1748,1834,1690,2203,2063,1849,1994,2227,1810,2279,2347,2063,2029,1923,1764,1873,2137,2499,2109,1571,1866,2634,2107,2389,1929,2288,2017,1891,2209,1802,2144,2149,1880,1665,3263,1954,2399,2263,2013,2169,2165,2052,1834,2207,1933,1802,1762,1960,1423,1975,1780,1480,1988.13793103448
1261,1459,1100,1592,1778,1747,1821,1518,1519,1801,1595,1608,1496,1783,1664,1518,1725,1504,1437,1579,1263,1488,1550,1300,1466,1444,1436,1582,1931,1818,1284,852,1325,1038,1259,1488,1138,1550,1805,1943,1582,1595,1689,1724,1899,1812,1742,1527,1403,1366,1687,1706,1748,1810,1250,1489,2085,1761,2378,1501,1757,1678,1577,1657,1528,1710,1623,1638,1350,2434,1646,2302,1730,1601,1606,1808,1594,1707,1459,1633,1510,1422,1610,2057,1765,1552,1156,1601.48275862069
1013,1181,965,1484,1419,1561,1418,1152,1239,1575,1271,1483,1118,1277,1369,1472,1438,1526,1251,1352,993,1229,1684,714,1231,1099,1232,1110,1575,1462,1130,894,1084,966,1054,1208,856,1249,1487,1727,1320,1407,1456,1284,1686,1516,1152,1318,1261,1063,1340,1387,1753,1645,960,1332,1608,1403,1476,1176,1399,1377,1465,1332,1150,1477,1443,1385,1172,1490,1252,1624,1419,1357,1122,1466,1425,1567,941,1310,1176,1165,1246,1253,1349,1351,1011,1308.2183908046
770,856,833,1083,1101,1311,1193,941,1016,1273,1164,1315,1463,1057,1032,1085,1094,1044,1092,1159,942,1302,867,584,943,1083,1058,874,1082,1188,929,945,864,924,576,1065,758,1033,1240,1348,1013,1101,1177,1103,1331,1219,846,1175,951,1003,1180,1133,945,1284,839,1103,1052,1158,1131,898,993,1114,1138,1148,886,1128,1373,1215,1021,1261,1028,1218,1005,1157,1037,1163,1231,1163,596,1123,1035,1002,1025,1099,951,1100,891,1060.11494252874
725,735,676,959,815,1075,983,881,787,1111,972,865,753,965,844,891,1082,624,869,900,777,875,635,535,842,865,915,827,931,969,911,782,747,786,477,960,619,831,1016,1219,771,931,868,888,968,966,892,1039,789,754,972,948,771,1009,712,965,856,961,687,726,773,900,1013,926,1053,955,858,1057,937,1009,845,1009,802,983,963,810,1127,918,524,760,922,873,853,885,709,925,808,870.126436781609
652,667,594,663,752,898,799,729,583,972,832,701,451,757,684,721,788,508,759,732,736,797,523,432,840,766,774,633,711,833,716,755,744,722,496,796,562,772,865,1030,698,853,769,685,715,916,657,827,679,701,813,815,651,855,667,619,628,736,538,536,620,798,862,786,648,715,561,813,782,450,838,791,703,730,730,774,926,731,442,734,730,752,723,709,630,738,715,718.781609195402
534,546,515,485,575,781,663,653,524,844,764,559,398,596,631,549,631,415,611,542,479,466,387,494,571,565,648,490,600,610,629,540,405,683,484,650,487,592,725,856,564,672,576,520,635,606,515,519,556,510,548,674,492,563,591,639,560,615,465,469,513,656,654,612,517,655,483,710,729,393,571,555,533,505,600,542,782,665,481,521,632,569,570,398,514,582,620,575.034482758621
455,422,459,447,457,621,539,489,455,677,586,465,393,475,407,502,547,379,574,426,457,374,412,400,464,450,528,313,513,490,482,490,274,578,424,560,404,478,615,732,441,508,464,373,384,504,422,451,500,411,452,488,444,490,457,319,371,497,392,434,440,532,477,521,579,503,364,588,578,229,521,461,432,405,355,426,636,507,455,399,488,539,465,302,420,543,518,467.793103448276
383,305,410,426,404,502,444,438,354,597,492,327,309,345,358,366,369,379,452,323,331,288,254,380,487,335,442,286,427,369,387,367,194,515,344,449,363,384,507,612,426,394,382,280,383,413,487,392,390,359,365,394,367,415,417,267,418,426,306,328,312,439,423,442,388,423,378,495,523,212,360,280,393,387,372,364,531,384,383,314,386,431,412,256,371,418,472,389.218390804598
288,318,328,306,349,442,361,396,296,485,424,292,245,280,315,245,326,284,377,293,310,201,247,480,379,303,384,250,314,341,364,362,187,467,307,339,332,337,412,496,379,403,347,209,245,326,270,326,382,269,309,385,280,369,381,294,351,334,305,264,255,397,364,321,229,359,313,372,466,182,329,318,320,284,239,342,448,339,328,299,390,314,312,223,296,368,329,329.034482758621
242,203,252,248,278,402,329,334,289,440,358,227,168,243,295,201,306,297,313,235,281,183,268,281,302,225,275,211,216,286,296,299,172,368,314,295,271,340,373,402,335,319,283,197,233,283,222,249,232,255,296,281,263,310,330,230,247,247,231,252,258,351,313,241,255,272,292,347,344,182,266,171,276,199,232,254,405,252,277,230,312,282,272,210,256,305,282,275.275862068966
217,187,229,202,242,292,264,267,251,312,325,194,150,201,233,169,257,249,273,248,173,141,230,245,285,205,237,185,232,230,264,230,181,296,225,226,348,214,321,349,261,299,230,188,207,195,176,250,255,339,191,261,183,256,258,218,202,235,183,218,188,251,242,233,173,214,245,258,352,170,216,174,216,206,157,235,313,158,211,189,255,241,253,230,239,253,204,232.873563218391
226,154,170,178,242,239,219,255,209,324,284,159,130,193,158,181,215,227,202,156,172,155,135,202,216,179,212,162,204,190,206,204,156,252,206,194,224,210,268,281,222,234,183,207,194,200,171,226,231,178,191,218,174,194,240,198,171,195,161,188,164,238,197,207,152,184,183,252,295,176,199,177,177,170,171,156,283,161,135,168,190,207,195,215,189,231,179,199.724137931034
179,166,159,144,212,196,176,223,180,261,220,188,121,170,129,179,208,220,163,123,128,131,159,219,175,163,208,151,145,164,168,168,144,224,204,143,165,185,215,223,189,173,198,164,161,218,160,195,181,159,192,175,154,156,171,169,152,170,197,140,135,232,203,182,151,164,194,191,253,162,162,137,173,114,142,132,240,173,142,138,178,171,174,176,204,224,177,175.827586206897
119,134,137,148,181,158,159,182,155,217,205,179,95,175,104,162,168,163,143,126,125,117,175,166,184,147,166,164,141,142,136,143,144,183,154,155,179,153,204,246,154,154,134,156,180,195,151,162,146,147,168,139,172,138,188,154,125,151,163,147,118,176,154,162,129,170,173,146,274,164,137,163,136,187,146,142,192,154,144,173,160,175,160,145,173,125,133,158.264367816092
137,126,109,134,136,160,134,154,160,204,179,164,122,129,115,143,168,181,146,125,125,103,183,156,151,132,162,156,143,130,91,128,145,170,149,137,146,156,183,171,163,143,142,154,166,159,127,148,113,128,158,138,132,122,149,148,179,138,206,122,117,167,128,151,136,117,168,133,202,155,156,149,163,121,126,130,196,148,169,140,133,123,152,147,129,126,117,145.712643678161
108,139,134,134,120,114,106,154,118,167,159,137,103,166,103,135,119,139,143,109,114,102,195,137,115,95,128,148,127,108,78,119,118,129,117,143,173,112,147,146,137,115,136,145,140,139,140,116,130,159,106,131,120,98,135,116,152,119,126,91,105,141,112,117,139,127,153,124,179,139,136,168,123,165,112,123,157,122,144,124,116,104,125,133,122,126,125,129.540229885057
118,120,94,98,115,122,108,138,97,148,134,132,138,119,94,124,106,126,128,99,105,117,114,130,113,104,110,187,129,101,80,140,118,145,121,107,142,104,136,133,131,101,107,127,130,147,139,124,102,102,67,122,179,93,141,125,146,118,90,104,131,113,96,122,137,100,139,105,166,138,138,126,124,134,197,199,137,140,136,103,115,90,95,135,120,118,89,122.206896551724
95,84,91,78,78,101,99,100,108,108,100,97,86,91,85,89,85,155,98,80,81,103,104,104,89,100,84,89,91,105,79,102,99,98,122,88,105,72,136,90,128,126,76,106,125,119,94,93,99,74,106,97,85,58,91,84,106,95,76,97,123,108,91,97,93,103,102,82,137,115,114,126,99,118,127,100,117,105,96,89,91,92,81,147,102,78,77,98.7816091954023
111,86,77,80,69,80,71,75,74,113,73,98,113,87,73,75,92,98,81,66,94,100,89,78,88,76,93,68,80,100,57,90,108,90,104,77,75,60,116,85,84,78,75,86,102,97,82,68,71,51,77,67,72,55,76,98,92,50,84,97,94,109,68,50,79,99,118,70,135,112,94,61,61,98,97,112,108,106,107,69,80,68,78,101,91,66,86,85.0459770114943
61,75,62,61,57,63,50,86,85,90,63,76,141,66,72,52,77,86,70,49,60,106,91,74,67,62,69,52,61,82,88,54,82,75,100,76,84,57,89,86,75,71,50,60,98,48,70,58,67,47,53,73,55,45,69,97,35,55,73,68,73,83,64,52,59,72,81,47,103,81,63,63,69,92,91,69,77,76,70,70,51,65,80,85,92,58,60,70.9195402298851
74,37,48,45,62,64,52,64,78,72,58,89,58,51,40,61,62,58,63,44,67,58,54,53,41,70,77,31,61,34,38,59,87,50,60,49,76,56,78,73,64,47,39,61,82,62,58,49,65,47,43,56,83,47,55,60,24,46,51,57,68,59,70,55,66,58,68,73,93,56,54,66,57,38,52,75,78,65,73,59,56,62,39,63,57,67,58,59
39,64,45,26,43,43,35,39,75,65,62,30,35,47,42,54,65,79,66,47,45,62,31,40,57,63,56,33,46,39,33,42,60,46,58,43,63,34,71,54,49,53,39,39,56,42,62,57,53,22,45,47,53,45,72,48,16,26,46,62,56,56,56,46,49,57,57,51,78,37,32,40,54,33,44,39,64,49,46,47,40,57,49,37,52,46,55,48.6896551724138
43,42,39,25,43,29,32,47,56,50,43,21,23,31,40,29,37,47,37,36,47,44,19,42,41,37,49,20,46,31,29,30,54,40,44,36,57,30,50,35,36,36,56,27,42,22,45,33,33,25,28,22,51,29,38,20,14,35,35,32,40,50,36,38,34,39,32,31,61,45,22,30,34,31,30,24,73,37,39,52,40,35,37,42,47,49,31,37.3448275862069
36,39,33,30,31,22,24,40,43,59,44,22,8,26,31,43,35,45,46,21,35,35,27,22,42,26,44,19,33,18,26,23,44,37,37,33,34,32,39,39,24,41,34,24,30,37,33,18,39,31,24,34,35,26,36,21,18,36,30,55,30,40,29,19,30,39,36,29,58,23,25,40,33,31,24,16,41,41,22,61,34,28,32,43,35,44,21,32.7931034482759
31,34,26,21,38,31,24,33,33,35,43,20,15,24,23,31,25,50,28,19,29,25,25,39,16,29,25,22,30,14,31,24,36,33,25,29,26,22,32,32,34,23,32,21,12,11,35,19,28,28,15,36,8,22,30,23,24,25,31,25,23,29,27,36,40,23,27,25,55,16,24,20,26,18,20,18,47,21,28,26,31,25,28,34,27,42,42,27.448275862069
16,21,25,15,23,23,18,33,24,26,29,17,15,16,32,25,27,39,30,16,29,28,37,21,35,16,35,23,27,18,15,23,24,27,27,23,37,22,25,27,28,21,25,23,8,14,20,13,22,38,19,17,15,17,24,18,15,24,23,25,28,24,16,12,22,21,24,21,38,15,14,22,19,25,28,11,31,17,20,24,23,30,21,29,22,24,28,23.0689655172414
34,20,25,12,18,13,16,19,28,33,30,20,13,18,28,17,20,32,33,10,21,16,16,20,20,9,28,17,23,29,11,23,27,17,20,20,20,23,20,21,18,14,15,22,6,28,25,19,18,15,15,16,30,16,16,9,20,10,22,25,19,23,25,17,13,20,17,23,42,9,15,21,16,17,11,13,18,24,30,19,13,18,25,12,19,17,23,19.7471264367816
12,17,20,13,11,12,15,18,15,25,24,13,7,12,15,33,19,16,22,13,18,15,9,14,18,17,16,11,18,20,9,14,25,15,25,14,18,18,24,25,13,18,17,10,6,6,12,17,18,12,13,25,13,14,15,8,10,16,24,20,14,15,13,11,24,22,13,14,37,10,18,23,12,12,23,9,17,17,23,25,12,17,11,20,16,22,17,16.4252873563218
19,14,11,17,16,13,7,12,14,18,22,20,8,15,12,13,15,17,12,12,18,8,10,13,15,17,14,10,18,13,13,24,16,21,12,9,17,15,18,10,6,21,15,14,1,14,19,15,14,12,13,12,16,11,16,8,18,14,11,8,6,14,16,15,23,18,9,14,27,18,16,15,21,15,16,12,15,21,14,16,12,20,13,11,10,18,5,14.3218390804598
11,16,14,11,10,12,6,14,18,27,7,12,7,15,17,11,12,9,12,11,17,11,10,19,13,11,22,10,11,9,7,10,13,16,8,11,10,11,20,17,16,11,10,11,4,25,5,11,12,11,12,5,9,18,7,9,9,13,18,11,5,11,10,16,18,11,7,18,22,6,13,9,13,10,12,15,16,11,4,7,19,18,13,7,13,20,5,12.2298850574713
7,14,15,10,14,6,14,10,6,11,9,4,7,7,12,11,15,18,9,7,7,18,19,7,9,11,6,6,15,8,7,15,17,10,9,14,5,7,6,11,10,8,13,11,2,9,10,12,9,14,8,5,9,10,10,9,15,11,9,12,10,11,7,10,7,13,6,14,15,10,9,10,10,12,8,13,5,5,3,8,7,14,9,6,7,21,9,9.97701149425287
12,12,10,4,6,5,9,4,10,16,21,2,9,5,19,7,3,8,7,4,9,15,16,8,6,9,12,6,7,10,3,8,9,13,7,9,13,4,9,14,10,9,14,7,4,9,6,12,11,6,6,8,9,11,7,5,3,5,9,10,3,8,8,11,8,8,9,10,17,12,11,7,8,14,10,9,8,7,3,11,10,12,10,3,8,11,3,8.73563218390805
9,9,14,4,4,3,5,13,11,12,10,6,4,9,16,13,7,16,8,8,5,7,19,6,11,6,8,10,5,16,7,12,7,9,9,3,6,4,9,11,12,9,10,11,5,5,5,7,6,1,1,7,5,9,11,7,10,3,1,9,10,12,11,7,5,6,7,5,14,12,6,5,5,8,5,6,9,11,1,3,5,8,5,4,10,4,2,7.71264367816092
9,5,6,7,5,10,6,12,4,16,11,19,7,9,7,6,8,9,5,11,7,8,1,3,5,6,7,13,3,8,4,7,5,7,5,1,8,6,7,7,4,9,5,10,5,7,4,7,5,4,4,3,4,7,3,7,5,6,8,8,3,9,13,9,5,6,5,4,24,7,10,5,4,1,7,5,5,5,8,5,7,12,9,2,5,5,8,6.81609195402299
10,6,6,3,7,8,3,2,3,9,4,2,3,6,9,9,4,3,7,8,4,2,2,3,3,6,7,4,7,4,3,3,10,6,7,5,8,4,6,7,6,3,4,9,3,6,5,8,8,4,4,4,2,6,6,7,7,10,5,7,8,3,2,6,4,4,4,6,10,10,5,2,5,8,5,4,7,7,6,4,11,5,6,3,2,6,6,5.47126436781609
2,5,2,4,5,3,2,8,1,6,2,7,5,11,8,6,6,2,3,5,8,1,1,2,4,8,4,7,8,3,2,3,6,5,3,5,2,6,3,12,7,4,0,6,2,5,1,4,6,1,2,4,4,6,3,3,8,3,5,7,4,3,5,3,1,3,5,4,10,7,8,11,8,6,3,6,3,4,0,4,6,4,6,3,1,2,4,4.49425287356322
2,4,6,4,4,2,1,4,4,8,7,4,4,8,7,3,5,10,3,2,3,2,1,5,1,8,2,3,3,4,4,1,1,3,5,4,4,5,7,5,7,4,7,8,6,4,2,2,5,2,3,2,1,7,6,7,4,6,5,1,2,3,2,6,2,1,6,2,4,4,3,1,3,3,4,5,1,8,4,1,3,8,1,3,3,0,2,3.8735632183908
5,2,3,5,5,5,2,3,3,5,3,5,7,2,7,7,1,3,3,1,3,6,3,2,3,2,5,3,2,6,5,3,4,5,4,3,3,3,3,5,3,1,3,3,1,3,4,8,3,3,1,0,3,2,1,2,7,1,4,0,3,1,3,2,5,0,3,1,3,3,6,3,5,3,6,4,3,7,1,1,6,1,0,2,4,2,1,3.24137931034483
3,1,0,4,1,1,3,3,8,3,4,5,2,1,2,5,3,1,4,1,5,2,1,5,1,0,4,1,3,4,3,1,2,1,4,2,5,5,2,8,10,4,2,3,2,3,1,3,1,2,3,4,4,2,1,7,7,5,3,2,2,3,4,6,1,2,2,3,10,3,1,2,4,1,4,4,1,3,3,4,3,2,3,1,5,5,3,3.08045977011494
5,3,1,3,1,3,4,0,2,5,5,0,2,5,3,5,2,2,1,0,3,4,3,2,1,5,4,10,4,2,1,2,2,2,4,3,1,2,3,1,6,3,4,6,2,2,3,6,3,3,3,3,4,5,1,6,4,2,4,0,4,2,3,2,2,2,2,0,4,0,5,4,3,1,5,3,1,5,5,4,1,2,3,1,2,5,0,2.89655172413793
2,2,4,2,4,1,4,2,2,6,0,1,1,5,0,1,0,2,2,2,3,0,0,0,1,3,4,5,4,2,4,5,3,1,0,2,2,1,4,5,2,3,1,3,1,1,1,2,2,1,3,2,4,1,1,3,4,2,2,0,1,1,4,1,0,1,1,0,2,0,2,2,3,0,3,4,1,1,4,3,5,2,0,1,5,2,3,2.10344827586207
1,1,2,2,2,0,0,2,2,4,1,1,3,1,3,1,5,1,1,1,0,2,1,1,2,5,2,2,1,3,4,6,0,1,3,2,3,2,2,5,0,3,0,1,0,0,2,1,0,1,1,0,3,1,0,4,1,0,0,1,4,1,2,0,2,3,1,3,6,0,5,2,4,0,1,3,0,0,1,3,3,1,1,2,3,1,0,1.74712643678161
2,1,0,2,2,0,1,1,3,3,2,5,1,2,4,2,3,1,2,2,2,1,4,6,2,1,1,0,2,2,1,1,0,1,3,0,1,2,2,0,3,0,0,2,1,0,0,1,4,1,1,0,1,2,1,1,3,1,2,1,1,1,1,1,3,1,5,2,6,2,2,3,1,1,0,3,0,0,2,1,2,2,1,0,1,2,0,1.60919540229885
3,0,2,0,2,5,3,1,2,2,1,0,1,0,1,1,0,0,0,0,0,2,1,1,2,1,3,0,0,2,1,2,0,1,0,2,1,1,0,3,3,2,3,2,1,1,2,1,0,1,3,1,1,1,1,4,0,2,0,0,1,1,2,3,2,1,0,1,4,0,0,2,3,0,0,2,0,0,0,0,2,3,3,0,2,0,0,1.24137931034483
1,3,3,2,0,0,1,4,0,2,0,2,2,0,1,2,0,2,2,0,1,3,3,1,1,0,1,2,2,2,2,2,2,2,1,1,0,1,4,1,1,0,0,2,1,2,1,2,1,2,1,1,2,0,0,1,0,1,2,0,0,0,0,2,3,2,4,3,3,1,0,3,0,0,1,0,3,3,3,0,2,1,0,1,0,2,1,1.3448275862069
2,2,0,0,0,2,0,0,4,0,1,0,0,3,1,3,0,2,0,0,1,0,0,0,0,0,0,3,1,0,2,2,0,2,1,1,1,2,1,1,1,1,2,1,1,1,1,2,0,2,1,0,1,0,0,3,2,3,5,1,1,1,0,0,1,0,0,2,3,2,0,0,0,1,0,0,0,1,1,2,1,0,1,1,0,0,0,0.96551724137931
2,1,4,2,1,1,0,1,0,2,0,2,0,0,1,1,0,3,2,6,2,0,2,1,1,1,1,0,1,2,2,2,1,0,1,0,1,1,1,1,1,1,3,3,1,2,0,0,2,2,2,0,1,1,2,0,0,1,0,0,0,1,2,0,0,0,3,1,1,1,0,2,1,1,1,3,0,0,2,2,1,0,3,1,0,1,0,1.13793103448276
1,1,1,1,0,0,0,0,0,1,0,2,1,0,0,3,0,0,2,3,0,0,0,0,0,0,0,1,0,1,0,3,1,1,1,1,0,1,0,3,4,0,1,2,1,0,4,1,0,3,0,0,0,0,0,0,0,1,0,0,0,0,0,4,0,1,1,0,2,0,0,1,0,0,0,1,0,0,0,1,3,0,0,0,0,1,0,0.701149425287356
4,0,0,2,1,0,0,0,1,4,0,0,0,1,0,2,1,1,0,1,0,1,1,1,1,0,0,1,0,0,3,1,2,1,3,1,2,1,1,1,0,0,0,1,0,3,0,0,1,2,0,1,4,1,0,0,1,0,0,0,0,0,1,0,2,0,1,1,1,2,0,0,1,2,0,3,0,0,0,1,1,0,1,0,0,0,0,0.804597701149425
0,1,0,1,0,0,1,0,1,0,1,0,2,1,1,0,2,1,1,2,1,1,1,2,0,1,0,1,1,0,0,0,0,1,1,0,0,1,0,1,0,0,0,2,0,2,1,0,1,1,0,0,1,0,0,0,1,0,0,0,0,1,0,0,1,0,0,2,1,0,1,0,0,0,2,0,0,0,0,1,0,0,0,1,0,0,1,0.540229885057471
0,2,2,4,0,1,0,0,1,1,0,2,2,0,2,1,0,0,1,1,0,0,2,0,0,0,0,0,1,0,2,0,1,1,0,2,0,0,1,2,1,1,0,1,0,0,3,0,1,0,1,1,2,1,0,0,2,0,0,0,0,0,1,0,0,0,0,1,2,1,1,0,0,1,1,1,0,2,0,0,2,0,1,0,0,0,1,0.701149425287356
0,0,1,0,0,1,0,0,0,1,0,0,2,0,0,0,1,1,0,0,0,1,1,1,0,0,0,0,0,0,1,0,0,0,2,0,1,0,2,1,0,0,2,0,0,0,1,0,1,0,0,0,0,0,0,0,0,0,0,0,0,0,0,0,1,0,0,0,1,0,0,0,0,1,0,1,0,0,2,0,2,0,0,1,0,1,0,0.35632183908046
0,0,0,2,0,0,0,1,1,0,1,0,0,0,0,0,0,2,1,0,0,0,0,1,0,0,0,0,2,1,1,0,0,0,0,0,0,0,1,0,0,1,1,0,0,0,0,0,0,0,0,0,0,0,0,0,0,1,0,0,0,0,0,0,0,0,2,0,0,1,1,0,1,0,0,1,0,0,2,0,0,0,0,0,3,0,0,0.32183908045977
0,0,0,0,0,0,1,0,0,0,0,1,0,0,1,0,0,0,0,0,0,0,0,0,0,0,0,0,0,1,0,0,0,0,0,1,0,0,0,0,0,0,0,0,1,0,0,0,0,0,0,1,0,0,1,0,0,0,1,0,0,0,0,0,0,0,0,1,1,0,2,0,0,0,0,0,0,1,1,0,0,0,0,0,0,0,0,0.172413793103448
0,0,1,1,0,0,0,0,0,0,0,0,0,0,0,1,0,0,0,1,0,0,0,0,0,0,0,1,0,0,0,0,0,0,0,0,1,0,1,0,0,0,0,1,0,0,0,0,0,0,0,0,0,0,0,0,0,0,0,0,0,1,0,0,0,1,0,0,1,1,0,0,0,0,0,0,0,1,0,0,0,0,0,0,0,0,0,0.149425287356322
0,0,0,0,0,0,0,0,0,0,0,0,0,0,0,0,0,0,0,0,2,0,0,0,0,1,0,0,0,0,0,1,0,0,1,0,0,1,0,1,0,1,0,0,0,0,0,0,0,0,0,0,0,0,0,0,0,0,0,1,0,0,0,0,0,0,0,0,0,0,0,0,0,0,0,0,0,0,0,1,0,0,0,0,0,0,0,0.114942528735632
0,0,0,0,0,0,0,0,0,1,0,0,1,0,0,0,0,0,0,0,0,0,0,0,0,0,0,0,0,0,0,0,0,0,0,0,0,0,0,0,1,0,0,0,0,0,0,0,0,0,0,0,0,0,0,0,0,1,0,0,0,0,0,0,0,1,1,1,1,0,0,0,1,0,1,0,0,0,0,0,1,0,0,0,0,0,0,0.126436781609195
0,0,0,0,0,0,0,0,0,0,0,0,0,0,0,0,0,0,0,0,0,0,0,0,0,0,0,0,0,0,0,0,0,0,0,0,0,0,0,0,1,0,0,0,0,0,0,0,1,0,0,0,0,0,1,0,0,0,0,0,0,0,0,0,0,0,0,0,0,0,0,0,1,1,0,0,0,0,0,0,0,0,0,0,0,0,0,0.0574712643678161
0,0,0,0,0,0,0,0,0,0,0,0,0,0,0,0,0,0,0,0,0,0,0,1,0,0,0,0,0,0,0,0,0,0,0,1,0,0,0,0,0,0,0,0,0,0,0,0,0,0,0,0,0,0,0,0,0,0,1,0,0,0,0,0,0,0,0,0,1,0,0,0,0,0,1,0,0,0,0,0,0,0,0,0,0,0,0,0.0574712643678161
0,0,2,0,0,0,0,0,0,0,0,0,0,0,0,0,0,0,0,0,0,0,0,0,0,0,0,0,0,0,0,0,0,0,0,0,0,0,0,0,1,0,0,0,0,0,0,0,0,0,0,0,0,0,0,0,0,0,0,0,1,0,0,0,0,0,0,0,0,0,0,0,0,0,0,0,0,0,0,0,0,0,0,0,0,0,0,0.0459770114942529
0,0,0,0,0,0,0,0,0,0,0,0,0,0,0,0,0,0,0,0,0,0,0,0,0,0,0,0,0,0,0,0,0,0,0,0,0,0,0,0,0,0,0,0,0,0,0,0,0,0,2,0,0,0,0,0,0,0,0,0,0,1,0,0,0,0,0,1,0,0,0,0,0,0,0,0,0,0,0,0,0,0,0,0,0,0,0,0.0459770114942529
0,0,0,0,0,0,0,0,0,0,0,0,0,0,0,0,0,0,0,0,0,0,0,0,0,0,0,0,0,0,0,0,0,0,0,0,0,0,0,0,0,0,0,0,0,0,0,0,0,0,0,0,0,0,0,0,0,0,0,0,0,0,0,0,0,0,0,1,0,0,0,0,0,0,0,0,0,0,0,0,0,0,0,0,0,0,0,0.0114942528735632
0,0,0,0,0,0,0,0,0,0,0,0,0,0,0,0,0,0,0,0,0,0,0,0,0,0,0,0,0,0,0,0,0,0,0,0,0,0,0,0,0,0,0,0,0,0,0,0,1,0,0,0,0,0,0,0,0,0,0,0,0,0,0,0,0,0,0,0,0,0,0,0,0,0,0,0,0,0,0,0,0,0,0,0,0,0,0,0.0114942528735632
0,0,0,0,0,0,0,0,0,0,0,0,0,0,0,0,0,0,0,0,0,1,0,0,0,0,0,0,0,0,0,0,0,0,0,0,0,0,0,0,0,0,0,0,0,0,0,0,0,0,0,0,0,0,0,0,0,0,0,0,0,0,0,0,0,0,0,0,0,0,0,0,0,1,0,0,0,0,0,0,0,0,0,0,0,0,0,0.0229885057471264
0,0,0,0,0,0,0,0,0,0,0,0,0,0,0,0,0,0,0,0,0,0,0,0,0,0,1,0,0,0,0,0,0,0,0,0,0,0,0,0,0,0,0,0,0,0,0,0,0,0,0,0,0,0,0,0,0,0,0,0,0,0,0,0,0,0,0,0,0,0,0,0,0,0,0,0,0,0,0,0,0,0,0,0,0,0,0,0.0114942528735632
0,0,0,0,0,0,0,0,0,0,0,0,0,0,0,0,0,0,0,0,0,0,0,0,0,0,0,0,0,0,0,0,0,0,0,0,0,1,1,0,0,0,0,0,0,0,0,0,0,0,0,0,0,0,0,0,0,0,0,0,0,0,0,0,0,0,0,0,0,0,0,0,0,0,0,0,0,0,0,0,0,0,0,0,0,0,0,0.0229885057471264
0,0,0,0,0,0,0,0,0,0,0,0,0,0,0,0,0,0,0,0,0,0,0,0,0,0,0,0,0,0,0,0,0,0,0,0,0,0,0,0,0,0,0,0,0,0,0,0,0,0,0,0,0,0,0,0,0,0,0,0,0,0,0,0,0,0,0,0,0,0,0,0,0,0,0,0,1,0,0,0,0,0,0,0,0,0,0,0.0114942528735632
0,0,0,0,0,0,0,0,0,0,0,0,0,0,0,0,0,0,0,0,0,0,0,0,0,0,0,0,0,0,0,0,0,0,0,0,0,0,0,0,0,0,0,0,0,0,0,0,0,0,0,0,0,0,0,0,0,0,0,0,0,0,0,0,0,0,0,0,0,0,0,0,0,0,0,0,0,0,0,0,0,0,0,0,0,0,0,0
0,0,0,0,0,0,0,0,0,0,0,0,0,0,0,0,0,0,0,0,0,0,0,0,0,0,0,0,0,0,0,0,0,0,0,0,0,0,0,0,0,0,0,0,0,0,0,0,0,0,0,0,0,0,0,0,0,0,0,0,0,0,0,0,0,0,0,0,0,0,0,0,0,0,0,0,0,0,0,0,0,0,0,0,0,0,0,0
0,0,0,0,0,0,0,0,0,0,0,0,0,0,0,0,0,0,0,0,0,0,0,0,0,0,0,0,0,0,0,0,0,0,0,0,0,0,0,0,0,0,0,0,0,0,0,0,0,0,0,0,0,0,0,0,0,0,0,0,0,0,0,0,0,0,0,0,0,0,0,0,0,0,0,0,0,0,0,0,0,0,0,0,0,0,0,0
0,0,0,0,0,0,0,0,0,0,0,0,0,0,0,0,0,0,0,0,0,0,0,0,0,0,0,0,0,0,0,0,0,0,0,0,0,0,0,0,0,0,0,0,0,0,0,0,0,0,0,0,0,0,0,0,0,0,0,0,0,0,0,0,0,0,0,0,0,0,0,0,0,0,0,0,0,0,0,0,0,0,0,0,0,0,0,0
0,0,0,0,0,0,0,0,0,0,0,0,0,0,0,0,0,0,0,0,0,0,0,0,0,0,0,0,0,0,0,0,0,0,0,0,0,0,0,0,0,0,0,0,0,0,0,0,0,0,0,0,0,0,0,0,0,0,0,0,0,0,0,0,0,0,0,0,0,0,0,0,0,0,0,0,0,0,0,0,0,0,0,0,0,0,0,0
0,0,0,0,0,0,0,0,0,0,0,0,0,0,0,0,0,0,0,0,0,0,0,0,0,0,0,0,0,0,0,0,0,0,0,0,0,0,0,0,0,0,0,0,0,0,0,0,0,0,0,0,0,0,0,0,0,0,0,0,0,0,0,0,0,0,0,0,0,0,0,0,0,0,0,0,0,0,0,0,0,0,0,0,0,0,0,0
0,0,0,0,0,0,0,0,0,0,0,0,0,0,0,0,0,0,0,0,0,0,0,0,0,0,0,0,0,0,0,0,0,0,0,0,0,0,0,0,0,0,0,0,0,0,0,0,0,0,0,0,0,0,0,0,0,0,0,0,0,0,0,0,0,0,0,0,0,0,0,0,0,0,0,0,0,0,0,0,0,0,0,0,0,0,0,0
0,0,0,0,0,0,0,0,0,0,0,0,0,0,0,0,0,0,0,0,0,0,0,0,0,0,0,0,0,0,0,0,0,0,0,0,0,0,0,0,0,0,0,0,0,0,0,0,0,0,0,0,0,0,0,0,0,0,0,0,0,0,0,0,0,0,0,0,0,0,0,0,0,0,0,0,0,0,0,0,0,0,0,0,0,0,0,0
0,0,0,0,0,0,0,0,0,0,0,0,0,0,0,0,0,0,0,0,0,0,0,0,0,0,0,0,0,0,0,0,0,0,0,0,0,0,0,0,0,0,0,0,0,0,0,0,0,0,0,0,0,0,0,0,0,0,0,0,0,0,0,0,0,0,0,0,1,0,0,0,0,0,0,0,0,0,0,0,0,0,0,0,0,0,0,0.0114942528735632
0,0,0,0,0,0,0,0,0,0,0,0,0,0,0,0,0,0,0,0,0,0,0,0,0,0,0,0,0,0,0,0,0,0,0,0,0,0,0,0,0,0,0,0,0,0,0,0,0,0,0,0,0,0,0,0,0,0,0,0,0,0,0,0,0,0,0,0,0,0,0,0,0,0,0,0,0,0,0,0,0,0,0,0,0,0,0,0
0,0,0,0,0,0,0,0,0,0,0,0,0,0,0,0,0,0,0,0,0,0,0,0,0,0,0,0,0,0,0,0,0,0,0,0,0,0,0,0,0,0,0,0,0,0,0,0,0,0,0,0,0,0,0,0,0,0,0,0,0,0,0,0,0,0,0,0,0,0,0,0,0,0,0,0,0,0,0,0,0,0,0,0,0,0,0,0
0,0,0,0,0,0,0,0,0,0,0,0,0,0,0,0,0,0,0,0,0,0,0,0,0,0,0,0,0,0,0,0,0,0,0,0,0,0,0,0,0,0,0,0,0,0,0,0,0,0,0,0,0,0,0,0,0,0,0,0,0,0,0,0,0,0,0,0,0,0,0,0,0,0,0,0,0,0,0,0,0,0,0,0,0,0,0,0
0,0,0,0,0,0,0,0,0,0,0,0,0,0,0,0,0,0,0,0,0,0,0,0,0,0,0,0,0,0,0,0,0,0,0,0,0,0,0,0,0,0,0,0,0,0,0,0,0,0,0,0,0,0,0,0,0,0,0,0,0,0,0,0,0,0,0,0,0,0,0,0,0,0,0,0,0,0,0,0,0,0,0,0,0,0,0,0
0,0,0,0,0,0,0,0,0,0,0,0,0,0,0,0,0,0,0,0,0,0,0,0,0,0,0,0,0,0,0,0,0,0,0,0,0,0,0,0,0,0,0,0,0,0,0,0,0,0,0,0,0,0,0,0,0,0,0,0,0,0,0,0,0,0,0,0,0,0,0,0,0,0,0,0,0,0,0,0,0,0,0,0,0,0,0,0
0,0,0,0,0,0,0,0,0,0,0,0,0,0,0,0,0,0,0,0,0,0,0,0,0,0,0,0,0,0,0,0,0,0,0,0,0,0,0,0,0,0,0,0,0,0,0,0,0,0,0,0,0,0,0,0,0,0,0,0,0,0,0,0,0,0,0,0,0,0,0,0,0,0,0,0,0,0,0,0,0,0,0,0,0,0,0,0
0,0,0,0,0,0,0,0,0,0,0,0,0,0,0,0,0,0,0,0,0,0,0,0,0,0,0,0,0,0,0,0,0,0,0,0,0,0,0,0,0,0,0,0,0,0,0,0,0,0,0,0,0,0,0,0,0,0,0,0,0,0,0,0,0,0,0,0,0,0,0,0,0,0,0,0,0,0,0,0,0,0,0,0,0,0,0,0
0,0,0,0,0,0,0,0,0,0,0,0,0,0,0,0,0,0,0,0,0,0,0,0,0,0,0,0,0,0,0,0,0,0,0,0,0,0,0,0,0,0,0,0,0,0,0,0,0,0,0,0,0,0,0,0,0,0,0,0,0,0,0,0,0,0,0,0,0,0,0,0,0,0,0,0,0,0,0,0,0,0,0,0,0,0,0,0
0,0,0,0,0,0,0,0,0,0,0,0,0,0,0,0,0,0,0,0,0,0,0,0,0,0,0,0,0,0,0,0,0,0,0,0,0,0,0,0,0,0,0,0,0,0,0,0,0,0,0,0,0,0,0,0,0,0,0,0,0,0,0,0,0,0,0,0,0,0,0,0,0,0,0,0,0,0,0,0,0,0,0,0,0,0,0,0
0,0,0,0,0,0,0,0,0,0,0,0,0,0,0,0,0,0,0,0,0,0,0,0,0,0,0,0,0,0,0,0,0,0,0,0,0,0,0,0,0,0,0,0,0,0,0,0,0,0,0,0,0,0,0,0,0,0,0,0,0,0,0,0,0,0,0,0,0,0,0,0,0,0,0,0,0,0,0,0,0,0,0,0,0,0,0,0
