Buchanan_ComoConservatory_cropped.jpg,Buchanan_Fairgrounds_cropped.jpg,Buchanan_JamesJHillHouse_cropped.jpg,Buchanan_NYLifeEagle_cropped.jpg,Buchanan_StThomasCathedral_cropped.jpg,Ichel_EcolabBuilding_cropped.jpg,Ichel_LandmarkCenter_cropped.jpg,Ichel_MinnesotaHistoryCenter_cropped.jpg,Ichel_Ordway_cropped.jpg,Ichel_ScienceMuseum_cropped.jpg,Ichel_StPaulCathedral_cropped.jpg,Ichel_StPaulLibrary_cropped.jpg,Ichel_XcelEnergyCenter_cropped.jpg,STP_ALEXANDERRAMSEYHOUSE_cropped.jpg,STP_ALLIANZFIELD_cropped.jpg,STP_BRONZEBULLS_cropped.jpg,STP_BURBANKLIVINGSTONGRIGGSMAN_cropped.jpg,STP_CHILDRENS_cropped.jpg,STP_CHRISTOPHERCOLUMBUSSTATUE_cropped.jpg,STP_CHURCHOFTHEASSUMPTION_cropped.jpg,STP_CITIESCHURCH_cropped.jpg,STP_CITYHALLHUBERHHUMPHREYSTAT_cropped.jpg,STP_DAVIDSONHOTEL_cropped.jpg,STP_DEWITTLIBRARY_cropped.jpg,STP_DOUBLETREEBYHILTONHOTEL_cropped.jpg,STP_ELRIOVISTARECREATIONCENTER_cropped.jpg,STP_FORDDAMSCENICOVERLOOK_cropped.jpg,STP_FORTSNELLING2_cropped.jpg,STP_FSCOTTFITZGERALDSTATUE_cropped.jpg,STP_GOVERNORSRESIDENCE_cropped.jpg,STP_GRANDAVENUETATTOO_cropped.jpg,STP_GRANDSTAND_cropped.jpg,STP_GROVELANDRECREATIONCENTER_cropped.jpg,STP_HAMLINEUNIVERSITY_cropped.jpg,STP_HARRIETISLANDPARK_cropped.jpg,STP_HARRIETISLANDPAVILION_cropped.jpg,STP_HIGHBRIDGEOVERLOOK_cropped.jpg,STP_HIGHBRIDGE_cropped.jpg,STP_HIGHLANDPARKCRISPANDGREEN_cropped.jpg,STP_HORACEMANNPLAYGROUND_cropped.jpg,STP_IRVINEPARKGAZEBO_cropped.jpg,STP_JIMMYLEEPLAYAREA_cropped.jpg,STP_KOREANWARMEMORIAL1_cropped.jpg,STP_KOREANWARMEMORIAL2_cropped.jpg,STP_LAFAYETTEBRIDGE_cropped.jpg,STP_LEIFERIKSONMEMORIAL_cropped.jpg,STP_MACALESTEROLDMAIN_cropped.jpg,STP_MANATTANBUILDING_cropped.jpg,STP_MARTINLUTHERKINGRECREATION_cropped.jpg,STP_MCQUILLANPARK_cropped.jpg,STP_MOSCOWONTHEHILL_cropped.jpg,STP_NATHANHALESTATUE_cropped.jpg,STP_NORMANBORLAUGSTATUE_cropped.jpg,STP_OAKLANDCEMETERY_cropped.jpg,STP_OSHAUGHNESSYSTADIUM_cropped.jpg,STP_OURLADYOFVICTORYCHAPEL_cropped.jpg,STP_PATRICKMCGOVERNSPUB_cropped.jpg,STP_PHALENREGIONALPARK_cropped.jpg,STP_RAMSAYCOUNTYCOURTHOUSE_cropped.jpg,STP_RASPBERRYISLAND_cropped.jpg,STP_RICEPARK_cropped.jpg,STP_SAINTPAULHOTEL_cropped.jpg,STP_SAINTPAULSEMINARY_cropped.jpg,STP_SEAFOAMSTADIUM_cropped.jpg,STP_SOLDIERSANDSAILORSSTATUE_cropped.jpg,STP_STASSENBUILDING_cropped.jpg,STP_STFRANCISCOMOCONSERVATORY_cropped.jpg,STP_STJOHNTHEEVANGELISTEPISCOP_cropped.jpg,STP_STPAULACADEMYANDSUMMITSCHO_cropped.jpg,STP_STPAULBREWING_cropped.jpg,STP_STPAULFARMERSMARKET_cropped.jpg,STP_SUMMITHILLCOMMUNITYGARDEN_cropped.jpg,STP_SUMMITMANORRECEPTIONHOUSE_cropped.jpg,STP_THELEXINGTON_cropped.jpg,STP_THEUNIVERSITYCLUBOFSAINTPA_cropped.jpg,STP_TREASUREISLANDCENTER_cropped.jpg,STP_UNIONDEPOTEXTERIOR_cropped.jpg,STP_VIETNAMVETERANSMEMORIAL_cropped.jpg,STP_WABASHASTREETBRIDGE_cropped.jpg,STP_WABASHASTREETCAVES_cropped.jpg,STP_WELLSFARGOBUILDING2_cropped.jpg,STP_WESTERNSCULPTUREPARK1_cropped.jpg,STP_WESTERNSCULPTUREPARK3_cropped.jpg,STP_WESTERNSCULPTUREPARK4_cropped.jpg,STP_WESTERNSCULPTUREPARK5_cropped.jpg,STP_WORLDWARIMEMORIAL_cropped.jpg,STP_YACHTCLUB_cropped.jpg,pooled
0,0,0,0,0,0,0,0,0,0,0,0,0,0,0,0,0,0,0,0,0,0,0,0,0,0,0,0,0,0,0,0,0,0,0,0,0,0,0,0,0,0,0,0,0,0,0,0,0,0,0,0,0,0,0,0,0,0,0,0,0,0,0,0,0,0,0,0,0,0,0,0,0,0,0,0,0,0,0,0,0,0,0,0,0,0,0,0
0,0,0,0,0,0,0,0,0,0,0,0,0,0,0,0,0,0,0,0,0,0,0,0,0,0,0,0,0,0,0,0,0,0,0,0,0,0,0,0,0,0,0,0,0,0,0,0,0,0,0,0,0,0,0,0,0,0,0,0,0,0,0,0,0,0,0,0,0,0,0,0,0,0,0,0,0,0,0,0,0,0,0,0,0,0,0,0
0,0,0,0,0,0,0,0,0,0,0,0,0,0,0,0,0,0,0,0,0,0,0,0,0,0,0,0,0,0,0,0,0,0,0,0,0,0,0,0,0,0,0,0,0,0,0,0,0,0,0,0,0,0,0,0,0,0,0,0,0,0,0,0,0,0,0,0,0,0,0,0,0,0,0,0,0,0,0,0,0,0,0,0,0,0,0,0
0,0,0,0,0,0,0,0,0,0,0,0,0,0,0,0,0,0,0,0,0,0,0,0,0,0,0,0,0,0,0,0,0,0,0,0,0,0,0,0,0,0,0,0,0,0,0,0,0,0,0,0,0,0,0,0,0,0,0,0,0,0,0,0,0,0,0,0,0,0,0,0,0,0,0,0,0,0,0,0,0,0,0,0,0,0,0,0
0,0,0,0,0,0,0,0,0,0,0,0,0,0,0,0,0,0,0,0,0,0,0,0,0,0,0,0,0,0,0,0,0,0,0,0,0,0,0,0,0,0,0,0,0,0,0,0,0,0,0,0,0,0,0,0,0,0,0,0,0,0,0,0,0,0,0,0,0,0,0,0,0,0,0,0,0,0,0,0,0,0,0,0,0,0,0,0
0,0,0,0,0,0,0,0,0,0,0,0,0,0,0,0,0,0,0,0,0,0,0,0,0,0,0,0,0,0,0,0,0,0,0,0,0,0,0,0,0,0,0,0,0,0,0,0,0,0,0,0,0,0,0,0,0,0,0,0,0,0,0,0,0,0,0,0,0,0,0,0,0,0,0,0,0,0,0,0,0,0,0,0,0,0,0,0
0,0,0,0,0,0,0,0,0,0,0,0,0,0,0,0,0,0,0,0,0,0,0,0,0,0,0,0,0,0,0,0,0,0,0,0,0,0,0,0,0,0,0,0,0,0,0,0,0,0,0,0,0,0,0,0,0,0,0,0,0,0,0,0,0,0,0,0,0,0,0,0,0,0,0,0,0,0,0,0,0,0,0,0,0,0,0,0
0,0,0,0,0,0,0,0,0,0,0,0,0,0,0,0,0,0,0,0,0,0,0,0,0,0,0,0,0,0,0,0,0,0,0,0,0,0,0,0,0,0,0,0,0,0,0,0,0,0,0,0,0,0,0,0,0,0,0,0,0,0,0,0,0,0,0,0,0,0,0,0,0,0,0,0,0,0,0,0,0,0,0,0,0,0,0,0
0,0,0,0,0,0,0,0,0,0,0,0,0,0,0,0,0,0,0,0,0,0,0,0,0,0,0,0,0,0,0,0,0,0,0,0,0,0,0,0,0,0,0,0,0,0,0,0,0,0,0,0,0,0,0,0,0,0,0,0,0,0,0,0,0,0,0,0,0,0,0,0,0,0,0,0,0,0,0,0,0,0,0,0,0,0,0,0
0,0,0,0,0,0,0,0,0,0,0,0,0,0,0,0,0,0,0,0,0,0,0,0,0,0,0,0,0,0,0,0,0,0,0,0,0,0,0,0,0,0,0,0,0,0,0,0,0,0,0,0,0,0,0,0,0,0,0,0,0,0,0,0,0,0,0,0,0,0,0,0,0,0,0,0,0,0,0,0,0,0,0,0,0,0,0,0
0,0,0,0,0,0,0,0,0,0,0,0,0,0,0,0,0,0,0,0,0,0,0,0,0,0,0,0,0,0,0,0,0,0,0,0,0,0,0,0,0,0,0,0,0,0,0,0,0,0,0,0,0,0,0,0,0,0,0,0,0,0,0,0,0,0,0,0,0,0,0,0,0,0,0,0,0,0,0,0,0,0,0,0,0,0,0,0
0,0,0,0,0,0,0,0,0,0,0,0,0,0,0,0,0,0,0,0,0,0,0,0,0,0,0,0,0,0,0,0,0,0,0,0,0,0,0,0,0,0,0,0,0,0,0,0,0,0,0,0,0,0,0,0,0,0,0,0,0,0,0,0,0,0,0,0,0,0,0,0,0,0,0,0,0,0,0,0,0,0,0,0,0,0,0,0
0,0,0,0,0,0,0,0,0,0,0,0,0,0,0,0,0,0,0,0,0,0,0,0,0,0,0,0,0,0,0,0,0,0,0,0,0,0,0,0,0,0,0,0,0,0,0,0,0,0,0,0,0,0,0,0,0,0,0,0,0,0,0,0,0,0,0,0,0,0,0,0,0,0,0,0,0,0,0,0,0,0,0,0,0,0,0,0
0,0,0,0,0,0,0,0,0,0,0,0,0,0,0,0,0,0,0,0,0,0,0,0,0,0,0,0,0,0,0,0,0,0,0,0,0,0,0,0,0,1,0,0,0,0,0,0,0,0,0,0,0,0,0,0,0,0,0,0,0,0,0,0,0,0,0,0,0,0,0,0,0,0,0,0,0,0,0,0,0,0,0,0,0,0,0,0.0114942528735632
0,0,0,0,0,0,0,0,0,0,0,0,0,0,0,0,0,0,0,0,0,0,0,0,0,0,0,0,0,0,0,0,0,0,0,0,0,0,0,0,0,0,0,0,0,0,0,0,0,0,0,0,0,0,0,0,0,0,0,0,0,0,0,0,0,0,0,0,0,0,1,0,0,0,0,0,0,0,0,0,1,0,0,0,0,0,0,0.0229885057471264
0,0,1,0,0,0,0,0,0,0,0,0,0,0,0,0,0,0,0,0,0,0,0,0,0,0,0,0,0,0,0,0,0,0,0,0,0,0,0,0,0,0,0,0,0,0,0,0,0,0,0,0,0,0,0,0,0,0,0,0,0,0,0,0,0,0,0,0,0,0,0,0,0,0,0,0,0,0,0,0,0,0,0,0,0,0,0,0.0114942528735632
0,0,0,0,0,0,0,0,0,0,0,0,0,0,0,0,0,0,0,0,0,0,0,0,0,0,0,0,0,0,0,0,0,0,0,0,0,0,0,0,0,0,0,0,0,0,0,0,0,0,0,0,0,0,0,0,0,0,0,0,0,0,0,0,0,0,0,0,0,0,0,0,0,0,0,0,0,0,0,0,0,0,0,0,0,0,0,0
0,0,0,0,0,0,0,0,0,0,0,0,0,0,0,0,0,0,0,0,0,0,0,0,0,0,0,0,0,0,0,0,0,0,0,0,0,0,0,0,0,0,0,0,0,0,0,0,0,0,0,0,0,1,0,0,0,0,0,0,0,0,0,0,0,0,0,0,0,0,0,0,0,0,0,0,0,0,0,0,0,1,0,0,0,0,0,0.0229885057471264
0,0,0,0,0,0,0,0,0,0,0,2,0,0,0,0,0,0,0,0,0,0,0,0,0,0,0,0,0,0,0,0,0,0,0,0,0,0,0,0,0,0,0,0,0,0,0,0,0,0,0,0,0,0,0,0,0,0,0,0,0,0,0,0,1,0,0,0,0,0,0,1,0,0,0,0,1,0,0,0,0,0,0,0,0,0,0,0.0574712643678161
0,0,1,0,0,0,0,0,0,0,1,0,0,0,0,0,0,0,0,0,0,0,0,0,0,0,0,0,0,0,0,0,0,0,0,0,0,0,0,0,0,0,0,0,0,0,0,0,0,0,0,0,0,0,0,0,0,0,0,0,0,0,0,0,0,0,0,0,0,0,0,0,1,0,0,0,0,0,0,0,0,0,0,0,0,0,0,0.0344827586206897
0,0,0,0,1,0,0,0,0,0,1,0,0,0,0,0,0,0,0,0,0,0,0,0,0,0,0,0,0,0,0,0,0,0,0,0,0,0,1,0,0,0,0,0,0,0,0,0,0,0,0,0,0,0,0,0,0,0,0,0,0,0,0,0,0,0,0,0,0,0,0,0,0,0,0,0,0,0,0,0,0,0,0,0,0,0,0,0.0344827586206897
0,0,0,1,0,0,0,0,0,0,0,0,0,0,0,0,0,0,0,0,0,0,0,0,0,0,0,0,0,0,0,0,0,0,0,0,0,0,0,0,0,0,0,0,1,0,0,0,0,0,0,0,0,0,0,0,0,0,0,0,0,0,0,0,0,0,0,0,0,0,0,0,0,0,0,0,0,0,0,0,0,0,0,0,0,0,0,0.0229885057471264
0,0,0,0,0,0,0,0,0,0,0,0,0,0,0,0,0,1,0,0,0,0,0,0,0,0,0,0,0,0,0,0,0,0,0,0,0,0,0,0,0,1,0,0,1,0,0,0,0,0,0,0,0,0,1,0,0,0,0,0,0,0,1,0,0,0,0,0,0,0,0,0,0,0,0,0,0,0,0,0,0,0,0,0,0,0,0,0.0574712643678161
0,0,0,0,0,0,0,0,0,0,1,0,0,0,0,1,0,0,0,0,0,0,0,0,0,0,0,0,0,0,0,0,0,1,0,0,0,0,0,0,0,0,0,0,0,0,0,0,0,0,0,0,0,0,1,0,0,0,0,0,0,0,0,0,0,0,0,0,0,1,2,0,0,0,0,0,0,0,0,0,0,0,0,0,0,0,0,0.0804597701149425
1,0,0,0,0,0,0,0,0,0,0,0,0,0,0,0,0,0,1,0,0,0,0,0,0,0,0,0,0,0,0,0,0,0,0,0,0,0,0,0,0,0,0,0,1,0,0,0,0,1,0,0,1,0,0,0,0,0,0,0,0,0,0,0,1,0,0,0,1,0,0,0,0,0,0,0,0,0,0,0,1,0,0,0,0,0,0,0.0919540229885057
1,0,0,0,0,0,0,0,0,0,0,0,0,0,1,0,0,1,0,0,0,0,0,0,0,0,0,0,0,0,0,0,0,0,0,0,0,0,0,0,0,0,0,0,0,0,0,1,0,0,2,0,0,0,0,1,0,0,0,0,0,0,0,0,1,1,0,0,0,0,0,0,1,0,0,0,0,0,0,0,0,1,0,0,0,0,0,0.126436781609195
0,1,0,1,0,1,0,0,0,1,0,1,0,0,0,0,0,1,1,0,0,0,0,0,0,0,0,0,0,0,0,0,1,0,0,0,0,0,1,0,0,0,0,1,0,0,0,0,0,1,1,0,0,0,0,1,1,0,1,0,0,0,0,0,1,0,0,0,0,0,2,0,0,0,0,0,0,0,1,0,0,0,0,0,0,0,0,0.218390804597701
1,0,2,1,0,0,3,0,0,0,0,1,0,0,0,0,0,2,0,0,0,0,0,0,0,1,0,0,0,0,0,0,1,0,0,0,0,1,0,0,1,1,0,0,0,0,0,1,0,0,0,0,1,0,0,0,3,0,1,0,0,0,0,0,0,1,2,0,0,0,1,0,0,1,0,1,0,0,1,0,0,0,0,0,0,0,0,0.32183908045977
0,2,1,0,0,1,0,0,1,0,0,0,0,0,1,1,2,0,1,0,2,0,0,0,1,0,0,0,0,0,1,0,0,0,0,0,0,0,0,0,1,0,0,0,0,0,0,0,0,1,0,0,1,3,0,0,0,0,0,0,0,0,2,0,0,1,1,0,0,0,0,0,0,0,0,1,1,0,0,0,0,0,0,0,0,0,0,0.298850574712644
0,0,0,0,0,0,1,1,1,0,0,1,0,0,0,0,1,1,1,0,1,0,0,1,1,0,0,0,0,0,1,0,1,0,0,0,1,0,0,1,0,0,0,0,2,1,0,0,0,1,2,0,0,0,0,1,1,0,2,0,0,0,2,1,1,0,0,0,2,1,0,0,1,0,0,1,0,1,0,0,0,1,0,1,0,0,0,0.413793103448276
2,2,1,3,0,1,0,2,0,1,0,2,0,0,0,1,3,0,0,0,1,1,0,0,0,0,0,2,0,0,0,1,1,0,0,0,0,0,2,2,0,0,0,0,0,1,0,2,0,0,0,0,0,2,0,0,0,0,1,0,0,0,0,0,1,0,0,0,0,0,0,0,1,3,0,0,1,0,1,0,0,0,0,2,0,0,0,0.494252873563218
0,1,0,2,0,0,2,2,0,2,0,1,1,0,1,0,2,2,0,0,0,0,0,0,2,1,0,2,0,0,1,0,1,0,0,0,2,0,1,0,1,1,0,1,0,1,0,3,2,1,0,0,0,0,1,0,0,0,0,0,0,0,2,0,2,0,0,0,0,1,1,2,1,0,0,0,1,0,0,0,0,0,0,0,0,0,0,0.540229885057471
2,1,3,0,1,1,0,0,0,1,0,0,1,0,0,0,3,0,1,0,0,0,0,1,2,2,0,3,1,0,0,0,2,0,0,1,0,1,0,1,1,1,0,0,1,0,0,0,0,2,2,1,1,2,0,2,2,0,0,0,0,3,2,1,1,0,0,0,0,0,4,0,0,0,0,2,1,2,0,1,0,1,0,0,2,0,0,0.724137931034483
2,3,2,2,2,2,1,2,1,1,1,0,1,0,4,0,1,1,0,0,2,1,0,0,0,2,0,2,0,1,1,0,0,1,0,2,0,0,2,2,0,1,2,4,2,1,2,2,0,2,0,0,1,0,2,1,0,0,0,0,0,2,0,1,3,0,3,0,1,1,0,0,2,1,0,0,0,3,0,1,2,1,0,1,0,1,1,0.988505747126437
1,3,2,3,1,0,2,2,0,1,2,1,0,0,1,1,2,1,1,3,2,1,1,4,1,0,0,2,0,0,1,0,1,0,1,1,2,2,1,2,0,1,1,0,1,2,1,1,4,1,0,3,3,1,0,1,0,1,0,0,0,4,3,1,2,0,2,0,1,0,0,0,0,1,0,2,0,0,1,3,1,1,1,0,0,2,2,1.11494252873563
2,4,1,0,3,2,1,1,0,3,1,0,0,3,2,0,1,1,0,2,3,0,2,1,2,0,1,4,3,0,0,2,3,1,0,1,3,1,3,0,2,0,5,1,1,0,2,1,3,0,1,4,2,1,1,1,2,0,0,0,2,4,2,4,4,4,2,5,0,2,1,1,4,1,1,1,3,2,4,3,1,3,3,1,0,3,1,1.67816091954023
2,2,2,2,2,3,0,3,3,3,0,0,1,5,1,1,2,1,0,7,4,0,2,2,1,3,2,2,3,1,3,0,2,0,0,4,5,1,3,3,4,2,0,5,1,4,2,3,2,2,5,2,1,2,1,1,1,3,3,3,1,0,2,0,5,5,4,3,1,0,4,2,3,5,3,1,1,5,4,4,2,2,2,2,5,7,1,2.32183908045977
1,2,4,5,2,4,1,0,1,5,1,1,1,0,1,5,6,6,6,0,0,0,2,5,4,1,0,2,6,2,0,2,2,1,1,2,7,3,3,1,1,1,2,2,9,5,0,4,0,3,2,2,2,0,4,4,2,1,3,7,1,0,4,4,2,5,1,5,2,4,5,4,3,5,2,3,5,2,5,2,0,0,1,3,2,2,3,2.58620689655172
5,1,5,0,3,3,2,3,1,8,4,2,1,7,3,5,4,2,1,4,4,4,7,2,1,2,1,3,1,2,4,1,0,1,0,6,0,3,2,8,5,1,3,4,4,2,4,4,0,1,1,1,1,4,3,0,2,5,2,2,0,2,1,2,5,3,7,0,0,3,5,3,1,5,1,2,3,2,3,3,3,2,3,4,3,6,3,2.75862068965517
1,2,3,5,6,3,4,2,2,4,7,4,2,4,2,2,2,4,6,1,5,6,5,5,5,2,3,3,6,8,1,1,0,2,1,4,3,7,5,5,5,2,7,7,5,3,4,5,6,1,1,7,0,7,6,4,0,4,2,8,3,5,5,5,4,3,9,5,3,1,3,5,7,4,4,4,4,4,6,3,4,4,5,1,2,4,0,3.83908045977011
2,1,7,4,9,5,2,8,3,3,6,3,4,8,2,4,4,6,6,3,2,1,4,6,12,7,6,3,5,13,0,5,1,2,9,1,2,5,4,4,3,6,2,0,5,1,4,1,7,0,4,8,7,2,2,3,4,3,3,6,9,7,1,1,8,7,7,5,3,3,5,2,6,5,4,6,3,9,2,7,4,1,8,2,3,3,4,4.3448275862069
6,7,3,1,2,4,5,2,0,6,5,6,3,3,1,7,10,3,0,5,3,14,6,2,3,10,2,3,10,5,11,6,0,3,7,4,4,8,5,5,7,6,3,4,5,5,11,3,6,5,2,5,8,3,3,4,5,15,7,2,10,4,6,4,7,4,3,5,3,7,6,3,6,2,3,12,3,5,6,3,5,4,0,3,1,2,5,4.83908045977012
3,5,6,8,8,3,7,4,4,6,8,6,5,9,7,2,7,3,17,11,6,10,8,10,4,6,3,3,6,7,1,4,8,5,3,7,5,4,4,7,3,3,3,9,7,7,7,11,3,2,3,10,7,1,7,9,7,9,11,8,11,8,6,4,11,8,3,6,6,6,5,9,2,6,7,8,6,11,1,4,7,3,3,7,8,5,2,6.09195402298851
4,4,8,4,3,4,7,5,3,8,4,5,11,5,5,6,7,3,4,2,9,2,1,7,4,4,9,6,0,8,6,1,0,2,0,6,1,6,8,1,6,6,4,4,3,7,3,9,5,6,4,3,5,4,5,1,8,3,9,5,4,1,7,9,11,7,3,0,5,7,8,10,6,2,9,3,5,6,5,8,4,6,10,3,7,7,4,5.05747126436782
5,5,7,8,9,6,3,10,9,7,12,5,13,6,7,10,7,13,10,5,8,13,8,5,5,3,7,13,8,2,9,10,12,4,11,11,8,7,2,6,3,6,12,9,10,8,9,12,3,9,8,5,6,7,2,9,7,6,3,5,6,7,3,4,9,8,9,14,3,9,5,6,7,14,6,5,13,6,7,10,6,3,10,0,11,6,8,7.39080459770115
5,3,7,7,9,6,3,6,8,8,7,7,14,10,11,4,6,13,7,13,5,10,10,15,7,10,4,8,8,10,8,9,10,5,15,5,1,5,2,5,3,5,8,7,8,3,20,16,9,13,6,5,8,6,7,8,7,3,9,10,12,7,8,4,8,11,4,8,14,6,6,9,6,6,11,14,9,9,5,12,13,7,4,7,10,7,10,7.97701149425287
10,10,8,9,9,7,18,12,11,12,11,7,9,7,6,7,9,14,2,10,7,13,8,10,10,15,4,7,9,5,17,9,16,5,20,11,7,9,5,10,6,11,7,3,9,11,8,14,5,8,5,9,17,12,15,6,9,10,2,8,6,11,8,7,16,17,12,8,17,9,13,6,9,6,7,17,13,14,7,5,13,9,10,13,6,8,7,9.58620689655172
12,9,10,8,6,9,12,11,33,16,7,8,9,13,8,11,9,10,19,15,10,11,7,11,11,6,16,13,10,3,9,16,13,7,14,12,5,13,9,13,6,13,5,14,21,9,2,8,14,9,9,14,15,14,11,16,13,9,14,11,8,5,8,4,19,10,16,11,19,1,10,11,10,18,12,8,10,14,21,7,22,9,10,18,17,9,10,11.3563218390805
13,10,16,23,10,12,15,10,15,15,11,15,13,11,23,18,5,10,8,16,8,20,9,6,10,13,7,13,8,15,0,13,17,10,12,14,10,9,14,8,5,17,7,23,14,6,19,8,10,17,10,10,13,20,17,16,13,10,17,13,14,13,17,7,22,6,24,17,13,6,8,10,10,17,16,13,9,16,7,15,14,19,10,11,15,13,16,12.735632183908
18,18,11,18,12,8,23,15,24,13,12,17,18,5,13,18,11,14,8,9,8,18,7,20,15,17,13,9,18,19,12,10,20,8,7,16,8,16,13,18,8,12,7,16,14,8,10,11,16,16,7,7,13,18,10,9,11,13,13,14,12,8,12,11,21,12,16,13,18,8,9,20,10,16,15,15,15,22,10,10,14,22,13,12,15,13,25,13.5287356321839
17,18,17,17,17,12,19,22,2,18,20,18,25,18,15,21,18,17,16,15,18,7,14,8,17,15,10,14,6,20,18,7,4,14,2,12,10,11,15,27,8,11,12,18,24,13,13,16,20,10,17,13,13,15,23,11,11,17,11,12,7,4,9,10,29,12,22,5,24,17,9,18,10,21,19,9,12,14,26,14,23,26,15,20,18,21,15,15.0344827586207
27,18,16,16,32,11,27,22,12,22,16,28,19,16,18,19,12,17,18,17,26,19,20,7,22,13,13,18,21,20,16,20,20,20,19,16,31,23,13,22,19,22,20,22,24,16,18,13,34,29,15,21,14,30,15,25,19,23,21,20,19,18,1,16,31,14,40,19,5,17,14,20,13,21,19,16,22,19,15,22,19,24,19,22,25,16,20,19.4022988505747
26,23,13,23,12,16,16,24,22,17,24,28,13,17,31,16,21,15,16,28,19,23,24,16,19,15,25,23,17,15,28,17,24,21,20,26,34,29,21,26,9,11,26,27,23,11,15,14,29,28,16,26,13,17,9,29,22,19,12,23,27,18,28,18,34,24,25,22,32,11,11,27,25,34,19,22,21,33,19,24,22,26,26,30,35,31,18,21.6551724137931
24,27,32,17,26,23,24,23,25,31,28,11,20,31,33,21,16,23,21,18,32,22,27,19,32,25,15,26,14,31,40,29,22,33,36,37,31,33,28,27,23,22,30,28,23,15,32,22,8,21,23,27,13,20,15,32,36,28,29,24,34,35,34,20,36,23,31,19,13,19,17,26,35,32,18,41,25,18,16,9,31,31,29,26,18,20,29,25.1609195402299
24,33,27,16,38,33,28,24,26,14,20,28,33,38,13,30,30,31,21,31,37,40,30,30,50,35,34,28,32,28,41,24,29,27,26,31,44,34,28,27,38,27,36,19,32,26,31,27,36,24,22,33,36,24,28,29,33,31,28,40,10,38,29,25,37,35,34,30,30,39,21,28,33,23,24,27,34,27,29,31,35,38,26,30,22,29,27,29.7011494252874
22,27,35,38,27,41,28,35,37,32,20,35,31,7,42,40,21,28,18,41,46,40,40,33,35,24,32,27,37,40,9,31,27,30,47,32,39,42,47,43,27,27,49,24,42,25,18,34,30,38,16,21,37,34,40,36,48,21,42,32,30,39,36,28,44,34,31,33,37,36,25,31,37,27,32,23,38,34,21,34,41,33,31,24,51,18,34,32.5172413793103
30,30,41,39,38,31,44,32,22,44,31,48,31,27,27,24,25,43,34,28,48,23,50,36,41,36,25,45,20,32,37,20,3,32,5,37,19,43,40,26,20,45,46,35,44,17,37,38,23,40,26,26,37,39,46,30,37,35,34,27,44,3,40,24,43,35,45,15,40,41,24,38,18,27,37,29,48,35,40,30,34,40,38,35,41,34,49,33.2873563218391
38,29,34,43,32,38,42,38,26,44,52,45,35,42,39,50,41,46,52,48,35,38,44,46,44,38,56,35,53,37,33,49,43,55,41,43,53,48,50,41,48,44,41,26,49,71,45,37,37,37,30,41,48,49,34,32,54,38,52,41,41,57,17,31,50,37,49,44,22,36,50,34,31,41,48,54,49,38,45,35,48,44,44,37,31,25,38,41.6781609195402
46,46,43,50,38,34,50,55,54,49,52,56,44,54,47,48,29,56,70,50,50,50,35,65,54,62,46,48,70,39,47,33,67,66,48,50,49,45,67,49,46,63,70,39,77,46,48,65,48,51,34,61,67,75,59,52,48,43,40,54,46,53,44,36,55,56,50,53,46,48,70,39,41,34,47,58,68,45,53,58,59,34,40,52,41,46,57,50.8735632183908
41,50,40,49,50,52,58,59,64,48,40,56,55,58,64,49,44,57,25,46,50,79,60,52,48,70,68,51,72,39,41,27,65,52,44,58,60,52,77,45,69,52,54,41,66,63,47,60,62,45,43,61,57,68,72,53,49,21,49,45,58,67,75,63,59,60,55,40,56,53,73,68,57,40,48,60,51,57,49,77,56,41,58,65,63,55,57,54.632183908046
44,61,54,74,65,68,72,71,53,69,83,17,65,56,60,74,82,64,77,48,62,74,58,64,61,65,61,49,70,51,75,72,75,68,66,59,55,53,82,88,68,79,75,66,85,65,53,77,34,55,47,58,86,51,63,74,74,78,42,43,80,88,83,76,72,83,68,59,83,77,94,75,57,50,33,85,56,68,57,9,65,59,69,82,65,43,62,64.7816091954023
65,73,63,75,73,59,87,68,75,100,80,74,93,68,29,84,82,53,71,61,57,77,68,57,77,72,76,80,90,85,61,115,75,63,72,93,76,60,96,74,81,101,81,77,86,113,71,78,53,78,56,61,100,90,76,79,105,61,86,62,62,75,89,100,98,88,79,75,28,81,79,85,75,65,80,69,102,57,74,91,93,77,72,81,85,81,80,76.7011494252874
80,83,104,73,60,70,81,89,74,94,101,96,77,102,65,83,103,83,81,84,69,68,74,84,76,66,106,79,109,79,72,131,72,73,98,100,75,84,91,105,103,105,64,116,105,115,63,73,95,96,82,76,77,91,98,79,115,111,84,88,93,105,100,86,96,111,73,112,91,93,31,83,102,82,74,70,101,99,96,102,70,74,58,57,80,84,73,86.5057471264368
94,63,99,82,87,93,87,102,85,76,77,106,102,9,75,28,115,86,76,125,81,100,95,83,69,95,117,97,86,100,82,120,108,76,134,105,72,94,112,119,70,98,65,84,108,105,100,101,118,119,71,78,71,100,109,71,118,101,77,57,116,140,113,93,123,86,90,123,91,89,102,93,96,76,107,82,110,84,106,68,98,89,70,70,102,93,99,92.4367816091954
132,97,106,110,96,103,121,116,97,128,102,88,90,97,120,124,112,117,144,58,109,69,112,108,108,134,97,121,85,89,113,54,26,102,9,109,79,100,124,108,120,107,74,128,123,121,115,123,101,103,117,116,127,85,109,121,140,113,121,102,93,18,110,107,112,96,107,74,93,96,120,114,64,132,94,94,110,100,133,120,116,111,119,93,105,118,129,104.114942528736
166,119,97,90,92,121,94,126,75,128,114,145,94,161,121,134,135,116,115,87,121,95,106,109,100,128,68,124,93,126,144,107,122,132,208,134,64,129,143,138,126,124,87,126,115,126,108,131,165,124,117,128,118,116,89,103,147,105,147,155,84,109,57,145,115,139,119,114,105,106,130,92,111,118,111,111,132,114,124,137,117,135,126,94,84,115,131,117.850574712644
127,137,111,119,186,131,128,157,156,153,139,169,114,173,149,192,134,160,144,162,140,131,110,127,135,128,148,142,160,158,194,108,214,141,126,150,80,126,127,161,132,135,152,152,127,132,149,159,141,115,146,141,128,115,155,141,153,132,168,168,151,127,149,163,182,152,140,116,152,150,138,138,144,144,126,162,136,111,149,152,143,154,152,157,120,164,134,143.609195402299
137,129,132,143,176,143,135,164,175,168,125,204,142,217,193,176,138,143,66,154,141,181,157,132,119,130,187,128,148,142,83,148,164,136,166,163,127,145,180,177,155,164,158,133,159,147,152,189,174,133,179,158,117,151,179,178,178,113,172,155,172,145,192,144,160,166,117,149,188,129,159,128,148,139,141,172,133,133,169,157,185,140,201,176,160,176,139,153.747126436782
158,182,150,165,122,160,144,184,98,189,176,164,176,179,210,183,159,175,182,171,180,160,198,195,243,148,169,148,141,193,164,179,199,174,162,194,293,181,227,179,164,220,162,133,201,107,175,211,40,173,146,163,150,182,181,129,193,162,98,131,192,164,165,165,217,158,141,138,215,189,155,177,163,153,165,158,190,174,207,119,187,161,138,216,146,109,179,169.149425287356
171,203,197,191,272,217,187,193,168,197,182,214,222,180,242,175,216,158,172,187,187,180,211,170,224,191,199,197,163,186,196,192,142,215,215,222,280,205,204,184,198,186,226,165,262,177,171,218,226,216,214,211,197,199,170,194,229,204,192,198,157,174,196,197,226,220,183,178,168,191,194,187,187,202,178,211,213,213,224,227,209,189,204,210,190,192,180,198.390804597701
202,227,250,226,252,227,220,233,210,251,218,235,211,224,212,195,257,227,269,244,220,244,207,271,229,235,279,236,246,293,209,236,189,211,247,267,285,258,287,245,248,217,258,214,252,225,234,225,280,228,258,219,269,255,228,266,222,212,235,219,277,214,273,201,242,227,179,262,273,197,140,206,250,242,273,270,281,264,230,236,243,227,190,254,225,213,224,236.333333333333
224,233,199,229,278,256,253,238,283,302,251,248,249,92,238,235,268,216,333,252,249,248,238,276,236,236,277,257,298,263,269,224,228,216,338,288,291,241,275,270,273,265,257,250,242,391,285,288,261,252,227,230,183,242,264,208,238,274,239,255,258,231,273,231,223,212,173,321,186,263,252,258,293,234,294,299,249,259,224,241,243,244,298,247,283,201,237,252.252873563218
285,295,285,293,225,230,254,251,345,282,326,275,239,296,206,229,331,268,284,377,289,365,216,237,278,245,323,275,310,308,260,312,336,231,300,299,283,302,328,260,285,302,302,299,293,292,305,271,277,255,267,322,264,283,335,303,305,251,263,315,328,332,279,262,259,303,208,321,282,277,300,289,300,257,295,295,310,255,286,298,276,309,320,296,319,285,266,286.540229885057
304,310,374,347,313,290,305,256,314,360,323,295,292,376,334,251,272,334,356,316,303,269,293,287,246,299,198,316,233,303,355,52,173,284,75,318,237,373,375,341,292,374,330,316,339,299,361,303,226,318,269,386,347,312,290,316,399,364,293,298,281,233,284,317,310,335,232,211,259,285,359,279,291,312,295,258,390,275,342,199,338,312,329,313,340,341,309,300.149425287356
358,328,439,348,375,356,330,356,426,379,387,339,365,369,474,400,331,311,421,243,393,306,306,372,397,402,245,351,315,324,405,477,356,336,331,368,335,381,420,392,394,342,270,369,365,326,329,318,389,310,315,333,391,359,336,334,355,449,382,389,312,458,323,352,311,419,252,346,317,330,444,324,321,364,342,348,410,342,354,425,417,380,300,301,426,366,374,359.310344827586
407,395,418,418,440,369,402,414,449,394,369,380,355,374,400,425,409,435,460,438,424,333,370,453,445,421,388,461,418,336,319,539,380,373,419,485,395,436,435,388,402,387,499,462,415,414,417,372,441,405,392,394,417,392,414,417,409,399,424,498,426,454,365,412,358,430,348,393,391,422,351,402,382,419,396,462,476,406,445,550,399,417,440,442,449,525,422,415.183908045977
414,478,474,477,570,383,477,437,475,483,438,501,443,481,458,487,476,488,510,468,466,399,484,581,509,453,373,527,510,420,433,491,461,398,450,499,422,449,580,456,484,454,492,488,485,523,505,453,522,469,516,410,440,488,468,526,515,485,478,501,397,476,426,507,457,458,397,463,410,506,550,406,440,459,465,483,462,420,523,474,438,469,378,517,474,455,476,469.735632183908
500,419,531,591,564,480,465,508,525,504,491,545,523,555,483,506,452,521,574,533,489,416,527,531,541,524,525,532,499,544,159,529,618,464,531,619,599,504,603,468,546,487,571,583,503,547,468,480,686,513,496,506,529,526,504,545,496,598,498,516,572,522,588,496,504,509,559,482,557,544,416,503,550,529,517,600,540,503,567,599,550,487,517,591,541,595,575,524.172413793103
582,552,663,589,423,560,618,548,411,644,643,483,575,718,650,596,543,576,611,621,577,575,641,704,605,525,549,593,542,635,722,533,543,595,571,634,517,574,641,619,584,597,617,666,615,416,566,538,323,597,542,463,566,565,610,537,581,510,546,579,665,534,462,646,539,582,629,479,700,756,680,550,579,563,552,602,672,504,661,514,631,581,578,544,503,510,571,578.229885057471
704,635,768,603,634,701,655,685,606,661,593,645,655,663,676,664,671,589,630,736,626,669,723,652,732,667,554,655,624,684,826,582,792,625,598,628,574,668,668,645,603,692,664,558,670,606,663,716,653,680,623,670,659,632,588,588,683,665,699,730,588,640,537,686,624,741,595,616,636,668,689,630,507,692,584,670,715,627,721,816,640,580,609,612,611,625,658,652.011494252874
763,747,817,639,745,796,786,704,780,798,673,739,697,748,797,782,688,730,751,804,685,931,727,637,699,758,965,730,923,733,799,714,720,760,720,841,772,786,797,750,624,704,817,708,768,765,735,772,757,690,812,747,748,777,891,750,772,722,753,839,758,623,883,824,746,893,900,761,864,730,751,778,771,767,766,799,849,817,816,860,729,583,753,681,656,776,750,763.977011494253
781,821,850,791,657,903,890,792,856,896,759,778,751,925,777,782,799,697,818,975,765,1019,608,537,902,798,1252,806,898,834,925,1013,826,918,841,841,770,824,867,813,813,833,743,776,792,816,750,851,868,789,835,830,813,847,882,792,814,709,877,846,767,784,949,856,797,982,691,1112,721,691,895,793,812,959,800,913,819,869,870,737,779,599,867,834,774,710,836,825.827586206897
855,939,710,873,752,993,874,877,1003,916,898,831,854,537,936,984,897,832,675,938,831,1014,918,841,973,891,885,855,949,910,997,1026,876,963,1117,941,834,851,936,898,908,897,870,839,889,961,843,905,960,907,896,827,583,1004,1045,799,916,808,915,806,1028,758,1055,955,862,896,861,903,952,755,807,952,961,804,943,961,907,963,973,858,866,718,906,1011,881,732,926,890.252873563218
1053,1082,1035,948,933,1019,979,1069,937,1105,1020,989,1030,897,1058,944,994,951,1053,940,932,687,1068,1031,858,919,580,956,827,986,1065,435,633,1054,296,1084,978,1068,1087,1050,983,1018,1011,1033,1016,1004,983,1026,798,995,921,1142,1009,967,950,1053,1076,889,1065,842,954,780,877,1039,990,1004,862,604,874,939,1230,948,895,1130,1039,1106,1069,593,1144,852,994,886,980,1053,1063,983,1108,958.701149425287
1021,1143,962,1040,1143,1224,1034,1145,1229,1221,1165,1127,1125,1164,1163,1147,1147,1122,1248,1019,1071,1225,1286,1304,1273,1075,1206,1038,1151,1020,1149,1364,1176,1102,1385,1233,1029,1170,1286,1116,1198,1157,1126,1027,1147,1102,1098,1157,1035,1038,1147,1185,1059,1101,1204,1333,1175,1112,1215,1107,1179,1191,1151,1115,1132,1318,1057,1208,1070,1103,1117,1131,1120,1254,1148,1125,1303,1111,1199,1164,1079,1226,1128,1425,1320,1288,1255,1159.63218390805
1269,1225,1023,1132,1243,1501,1152,1238,1344,1408,1306,1285,1285,1302,1335,1289,1170,1238,1273,1023,1231,1209,1151,1394,1240,1213,1143,1190,1185,1212,1248,1419,1413,1176,1418,1398,1123,1281,1317,1236,1212,1213,1176,1182,1286,1227,1225,1217,1343,1262,1194,1191,1367,1274,1204,1330,1124,1343,1224,1218,1207,1181,1239,1306,1351,1427,1253,1529,1185,1445,1140,1266,1116,1260,1210,1249,1390,1356,1351,1197,1205,1453,1217,1206,1228,1364,1317,1260.89655172414
1373,1422,1069,1440,1382,1503,1269,1549,1458,1393,1410,1437,1444,1376,1404,1354,1298,1407,1490,1272,1394,1459,1364,1339,1390,1417,1621,1334,1402,1421,884,1545,1524,1370,1658,1502,1271,1351,1506,1449,1524,1414,1438,1363,1324,1427,1498,1284,1490,1420,1347,1411,1405,1413,1387,1561,1336,1605,1456,1352,1401,1404,1441,1427,1497,1504,1508,1551,1377,1370,1322,1355,1372,1256,1492,1376,1626,1573,1516,1394,1414,1549,1344,1605,1454,1473,1592,1420.67816091954
1590,1465,1653,1552,1694,1672,1446,1598,1455,1667,1760,1599,1622,1658,1653,1498,1550,1575,1749,1557,1513,1678,1544,1549,1628,1508,1666,1430,1542,1670,1608,1600,1831,1541,1736,1688,1320,1560,1661,1626,1711,1432,1569,1678,1588,1740,1698,1562,1703,1465,1728,1461,1652,1550,1603,1619,1540,1704,1658,1573,1538,1562,1609,1650,1629,1782,1513,1675,1680,1724,1514,1516,1620,1654,1559,1559,1571,1770,1672,1646,1528,1761,1479,1617,1551,1508,1517,1604.02298850575
1657,1650,1919,1681,1639,1865,1465,1779,1731,1605,1769,1853,1662,1567,1759,1576,1656,1753,1736,1678,1578,1655,1558,1523,1633,1867,1674,1653,1823,1681,1326,1433,1747,1702,1658,1793,1437,1695,1671,1662,1812,1762,1684,1702,1654,1641,1846,1575,1713,1895,1733,1579,1650,1682,1763,1658,1582,1716,1767,1593,1684,1779,1838,1755,1770,1748,1670,1787,1679,1866,1562,1681,1807,1646,1778,1739,1629,1613,1763,1786,1693,2040,1701,1779,1858,1502,1673,1696.57471264368
1828,1806,2424,1902,1934,1904,1744,1954,1890,1755,1973,1987,1961,2002,1869,1836,2103,1965,1828,1778,1860,1895,2042,1937,1918,1864,1966,1855,2112,1966,1600,1972,1923,2004,1817,2100,1687,1840,1980,1915,1898,1700,1904,1980,1840,1949,2069,1874,1952,1973,2022,1926,1987,1918,2085,1823,1749,1923,1963,1858,1852,1945,1919,2013,1953,1955,1864,2145,1973,2014,1789,1782,1962,1975,2036,1841,1902,1926,1998,2022,1916,1894,1705,2056,1877,1806,1790,1919.52873563218
2111,2000,1724,2079,2135,2075,1968,2106,1928,2195,2030,2167,2120,2089,2131,2032,2194,2098,2015,2137,2054,1668,2096,2138,2074,2143,1853,2049,2097,2090,2478,2441,1822,1977,2047,2177,1752,2024,2190,2142,1987,2088,1997,2097,2068,1657,2179,2030,1797,2039,2176,2022,2183,2161,2194,2015,2073,2114,2334,1988,2155,2154,1820,2194,2009,2076,2017,2194,2067,2228,2027,1973,2107,2081,2113,2178,1866,1915,2110,2083,2042,2013,2017,2220,1749,1893,1865,2057.59770114943
2255,2307,2365,2350,2287,2493,2277,2453,2406,2234,2110,2193,2377,2441,2301,2414,2034,2356,2237,2191,2313,2190,2373,2283,2625,2445,2394,2368,2353,2376,2621,2546,2389,2308,2075,2399,2090,2188,2445,2411,2251,2195,2174,2244,2295,2212,2346,2162,2612,2440,2542,2239,2087,2319,2291,2239,2346,2440,2493,2430,2298,2342,2314,2579,2272,2551,2432,2536,2331,2275,2254,2188,2234,2285,2389,2228,2396,2279,2456,2421,2306,2015,2245,2572,2396,2398,2004,2329.03448275862
2515,2605,2446,2490,2496,2666,2579,2545,2454,2571,2389,2524,2489,2543,2563,2584,2847,2528,2486,2465,2470,2451,2464,2325,2783,2500,2341,2515,2453,2690,2912,2570,2774,2622,2446,2592,2376,2500,2702,2548,2424,2445,2372,2564,2425,2501,2456,2432,2604,2447,2572,2350,2747,2618,2640,2424,2557,2512,2553,2599,2657,2545,2395,2710,2751,2838,2303,2435,2411,2474,2549,2365,2470,2497,2542,2651,2741,2381,2541,2513,2501,2393,2502,2609,2439,2466,2236,2528.45977011494
2758,2856,2819,2638,2636,2675,2886,2711,2749,2858,2533,2799,2902,2831,2527,2707,2534,2800,2538,2679,2734,2854,2679,2867,3010,2635,2620,2901,2776,3014,2616,2785,3189,2910,2713,2876,2638,2725,2952,2804,2780,2688,2623,2885,2735,2760,2806,2760,2831,2884,2767,2972,2868,2857,2658,2711,2772,2756,2846,3017,2604,2868,2585,2779,2942,3272,2815,2628,2786,2634,2475,2742,2699,2820,2666,2714,2853,2600,2668,2969,2620,2744,2814,2906,2839,2806,2589,2771.80459770115
2974,3213,3197,2864,2781,3196,3140,2985,3113,3171,2914,3068,3106,3202,2899,3015,3352,3095,2811,3107,2864,3037,2659,2895,3296,3136,3178,3138,3050,3196,3145,3203,3567,3383,3118,3014,2923,3013,3382,2924,3122,3052,2634,3118,3024,3318,2937,3008,3244,3004,3087,3083,3291,3074,3061,2963,3158,2878,2959,3408,3019,2921,2938,3084,3379,3402,2867,2964,3084,3002,3248,2876,2941,3136,2925,3193,3135,3048,2921,3136,2835,2813,3029,3344,3025,3028,2878,3068.02298850575
3393,3329,3456,3002,3322,3352,3347,3364,3381,3241,3308,3495,3311,3189,3250,3389,3417,3479,3149,3351,3308,3374,3456,3325,3686,3385,3676,3400,3472,3390,3212,3529,3465,3597,3630,3345,3301,3089,3537,3228,3325,3146,3321,3424,3248,2972,3130,3322,3400,3214,3226,3507,2885,3286,3350,3182,3336,3309,3150,3481,3298,3207,3270,3285,3405,3410,3479,3077,2880,3289,3289,3335,3304,3377,3278,3370,3391,3609,3160,3470,3112,3050,3255,3908,3481,3615,3444,3335.54022988506
3372,3556,4037,3042,3332,3404,3621,3366,3433,3311,3494,3489,3346,3396,3211,3577,3643,3651,3001,3928,3385,3602,3461,3159,3634,3519,3845,3632,3618,3402,3700,3606,3634,3310,3742,3484,3451,3243,3600,3419,3446,3474,3385,3402,3328,3452,3440,3483,3349,3280,3443,3416,3198,3387,3595,3354,3502,3423,3243,3599,3608,3438,3561,3394,3600,3588,3627,3348,3401,3678,3442,3618,3492,3447,3450,3307,3703,3144,3573,3485,3593,3475,3529,4015,3386,3664,3737,3484.57471264368
3940,3929,3840,3555,3948,3741,4094,4102,3761,3939,4060,3870,3782,3723,3796,3899,3912,3846,3477,4182,3748,3829,3918,3876,3486,3659,3669,4098,3602,3786,4005,2900,3821,4097,2322,4074,4066,3690,3955,3793,3828,3795,4108,4028,4054,3866,3849,4003,4099,3823,4078,4038,4371,3856,3963,3936,3854,3519,3580,4041,3814,3728,3979,3802,3993,4071,4038,4084,4080,4019,3760,3924,3946,4278,3839,3742,3880,2927,3567,3779,3814,3966,3936,4286,3959,3355,4279,3854.29885057471
4203,4330,4594,4047,4577,3961,4313,4165,4127,4265,4195,4188,4095,4138,4019,4319,4241,4063,3057,4543,4020,4001,4453,4212,4335,4405,4558,4214,4831,4083,4408,4784,4311,4404,4375,4315,4170,4059,4372,4142,4029,4103,4379,4240,4539,4388,4184,4433,4707,4238,4290,4113,4096,4076,4389,4167,4028,4182,3522,4170,4379,4222,4260,4253,4251,4428,4112,3927,4170,4229,4081,4271,4448,4605,4159,4129,4439,4856,4258,4197,4216,4365,4134,4372,4128,4295,4485,4250.96551724138
4444,4686,4541,4495,5223,4502,4726,4626,4676,4420,4747,4831,4617,4669,4289,4581,4364,4334,4411,4705,4368,4538,4818,4660,5108,4797,5005,4518,4838,4324,4686,4987,4868,4611,5013,4665,4470,4194,4516,4522,4505,4429,4756,4560,5039,4831,4654,4682,5062,4452,4778,4812,4569,4271,4597,4481,4426,4527,4050,4487,4687,4313,4797,4447,4508,5002,4549,4259,4872,4463,4488,4771,5171,5003,4605,4717,4768,5542,4704,4728,4727,4910,4411,4915,4561,4817,4837,4654.40229885057
4912,4811,4909,4842,5082,4479,4852,5037,4784,5022,4762,4771,4834,4563,4721,4964,4678,4568,4124,4594,4870,4385,5039,5062,4876,4968,4521,4846,4470,4886,5551,5218,4920,4756,4181,4975,4725,4792,4913,4968,4790,4968,4938,4802,5134,4843,4984,4970,4969,4846,4987,4856,5263,4575,4580,4566,4807,4745,4251,4714,4904,4564,4675,4759,5078,5203,4826,4322,4824,4733,5015,5007,4703,4620,4761,4920,4966,3712,5152,5002,5257,4769,4989,5373,4490,4685,5023,4817.8275862069
5229,5081,5199,5371,5243,5444,5352,5338,5346,4781,5401,5369,5321,5477,5175,5385,5128,5137,4986,5097,5255,5032,5303,5724,5636,5638,5292,5303,5090,5160,5132,5418,5403,5354,5394,5311,5214,5249,5147,5175,5407,5446,5625,5335,4892,5137,5395,5136,5292,5160,5624,5368,4994,5363,5301,5132,5094,5091,4798,5220,5544,5149,5509,5103,5369,5464,5430,5300,5767,5125,5397,5437,5253,5408,5454,5387,5629,5896,5663,5806,5565,5020,5379,5744,5182,5264,5369,5316.24137931035
5513,5459,5592,5644,5402,5668,5585,5742,5543,5376,5749,5354,5583,5906,5615,5513,5488,5452,5879,5720,5488,5539,5618,5976,6221,6077,5657,5700,5581,5603,4604,5819,5731,5568,6503,5719,5401,5408,5631,5601,5809,5721,5762,5721,5995,5500,5625,5432,5767,5498,5636,5518,5791,5740,5422,5614,5367,5423,5545,5444,5806,5667,5639,5582,5757,6008,5530,5702,5871,5815,5544,5768,5383,5091,5505,5591,5784,5941,6044,6190,5932,5582,5646,6139,5298,5733,5557,5651.29885057471
5938,5583,5741,6198,5452,5773,6028,5716,5884,5936,6041,5857,5754,5459,6066,5707,5761,5833,6291,6316,5971,5732,6072,5670,6224,6123,5553,6063,5773,5912,6257,6107,6150,5556,6448,6043,5751,6046,5424,5724,6109,6413,6133,5704,6264,5906,6020,5972,6225,6114,5920,5998,6015,5687,5635,5875,5785,5526,5783,5648,6000,6064,5869,5860,6133,5844,5879,5836,5719,6223,5862,6027,5975,6286,5747,6089,5894,5951,5919,6747,6145,5567,5980,6305,5750,5884,6061,5934.26436781609
6223,6012,6175,6744,6015,5947,6664,6084,6508,6168,6596,6326,6141,6130,6523,6141,6123,6318,7042,6591,6304,6676,6181,6093,6410,6221,6889,6443,6055,6188,6839,6207,6506,6089,6271,6306,6187,6300,5747,6283,6334,6703,6062,6021,5778,5994,6273,6033,6246,6572,6265,6003,6114,5952,6209,6257,6133,6155,6294,5901,6258,6358,6299,6428,6268,6056,6181,6407,5808,6513,6190,6268,6063,6848,6161,6672,6215,6284,6365,6242,6529,5793,6366,6548,6289,6344,6201,6274.93103448276
6356,6228,6493,6900,6700,6155,6780,6125,6334,6187,6603,6292,6495,6323,6673,6282,6400,6701,7680,6582,6773,7009,6606,6542,6674,6577,6653,6947,6600,6458,6742,6424,6711,6848,6556,6619,6463,6293,5908,6469,6395,6560,6838,6440,6060,6622,6530,6371,6848,6463,6654,6552,6180,6156,6175,6666,6254,6504,6513,6217,6238,6813,6773,6672,5598,6322,6764,6490,5853,6544,6183,6551,6571,6838,6425,6460,6645,6752,6813,6575,6700,6288,6680,6618,6812,6965,6572,6524.98850574713
6749,6711,6744,6798,6844,7087,7482,6222,6903,7143,7131,6790,6726,6750,7108,6963,6871,6958,7044,7132,6868,6929,6686,7125,6801,6811,6152,7220,6724,6807,8152,6907,6979,6974,7054,7031,6984,6984,6140,6779,6906,6929,7032,6884,6641,7266,6844,6822,7283,6432,6776,6842,6951,6739,6890,6874,6873,6997,7317,6416,6773,7316,6680,6677,5698,6655,6714,6575,6346,7134,7030,6639,7158,7168,6852,6744,6572,6822,6926,6544,6856,7635,6908,7083,7388,7036,6758,6881.19540229885
7016,7106,7080,6990,6740,7211,7331,6633,7159,8111,6828,6903,6946,6880,7176,7091,7003,6976,7213,7010,7232,6609,6935,7606,6792,7025,6289,7368,6974,7075,6690,7442,7273,7028,7303,7034,7292,7020,6343,7068,7059,7197,7017,7110,6664,7166,7184,6893,6754,6753,6943,7091,6848,7024,7215,6874,6859,7093,7155,6897,6760,7382,6579,7145,6176,5949,7495,7167,6951,7737,6999,6699,7205,7328,6966,7209,6959,6840,7210,6757,7104,7992,7360,7203,7032,6793,6847,7028.05747126437
7257,7496,7235,7253,7093,7393,7660,6806,7390,8308,7327,7518,7297,7196,7309,7678,7217,7346,7080,7135,7519,6591,7485,7657,7152,7710,6701,7463,7366,7245,7442,7583,7298,7459,7417,7360,7554,7750,6696,7574,7328,7513,7125,7111,7181,7461,7266,7435,7167,7489,7282,7379,7801,7128,7578,7309,7395,7536,7215,7358,7291,7846,7476,7624,6844,7283,7398,7226,7634,7795,7613,6978,7418,7663,7331,7643,7387,7053,7053,7261,7191,7913,7577,7465,7209,7279,7511,7368.2183908046
7771,7927,7354,7709,7462,8026,7681,7218,7795,8043,7417,7699,7752,7552,7436,7606,7491,7683,7525,7045,7661,7859,7579,7744,7334,8194,7498,7515,7915,7565,7089,8050,7547,8047,7316,7756,8032,8101,6974,7766,7600,7192,7240,7386,7645,7776,7726,7682,7759,7746,7916,7775,7777,7543,7950,7773,7976,7976,5561,7706,7598,8114,8050,8101,7985,7623,7872,8028,7970,7761,7741,7466,7439,7759,7828,7564,7309,7720,7284,7375,7462,7392,7994,7477,7495,8311,7705,7653.58620689655
8002,7986,7444,8313,7691,7849,8054,7709,7771,8035,8269,7836,8127,8043,7692,7957,7846,7340,7909,7451,7985,7348,7695,7888,7351,8358,7621,7543,7864,8058,7631,8038,7839,7886,8001,7773,8112,8520,7153,8123,8233,7421,7293,7933,8562,7738,8136,7857,8012,8163,8010,7858,7788,7862,8126,8037,8236,8089,7442,8045,7674,8193,7824,7952,8062,8055,8271,8137,8370,8003,8261,7960,8011,8382,7892,8255,7531,7591,7553,7453,7883,7469,7958,7669,7698,8038,7958,7897.18390804598
8251,8176,7305,8352,8168,7722,8152,7994,8442,8291,8632,8327,8406,8302,8029,8059,8214,8011,8247,7760,8009,8173,8206,7681,7551,8668,8464,7217,8537,8023,8220,7929,7908,8512,8019,8057,8484,8771,7929,8395,8399,7722,7542,7996,8271,7806,8219,8082,8049,8445,8833,8212,8341,8162,8267,8500,8298,8490,8479,8275,8202,8302,8005,8526,7887,8134,8409,8165,8693,7949,8388,8434,8441,8136,8313,8251,7823,8174,7793,8210,8166,7576,8083,7777,8309,8360,8233,8169.19540229885
8553,8468,7434,8705,8812,8483,8272,8303,8768,8220,8782,8504,8834,8636,8648,8142,8984,8313,8968,8374,8380,8431,8679,8294,8025,8522,8910,7357,8881,8600,8668,8163,8501,8369,8772,8279,8490,8900,8643,8804,8903,8031,8222,8471,8783,8303,8567,8005,8032,8704,8529,8584,8903,8366,8719,8880,8574,8519,8923,8526,8634,8454,8404,8552,8420,8485,8564,8664,8724,8336,8887,8764,8737,8571,8426,8253,7780,8311,8472,8556,8268,7799,8475,8041,8435,8112,8306,8480.97701149425
8807,8451,7538,8748,8398,9071,8287,8690,8058,8462,7001,8672,8833,8551,8370,8188,8348,8498,8671,8717,8730,8140,8734,8429,7927,8691,8666,7861,8714,8648,8187,8466,8928,8621,8483,8105,8904,8703,9302,8953,9194,8420,8099,8585,8881,8866,8456,8881,7952,8741,8567,8898,8553,8322,8422,8923,8838,8762,9499,8665,8632,8316,8663,8637,8951,8586,8545,8701,8623,8696,8996,8969,8622,8491,8486,7918,8013,8557,8843,8567,8514,8489,8702,8126,8838,8231,8338,8553.16091954023
9368,8625,8177,8856,9004,9211,8628,9564,9041,8581,8501,9072,9323,8899,9296,8566,9242,8761,9208,8852,8945,9272,8984,9060,8317,8837,8805,8488,8588,8723,8436,8770,8992,8520,8215,8241,9160,9159,9432,9109,9332,8862,8335,8837,9346,8927,8922,9045,8344,8801,8826,8873,9149,9047,9194,9118,9226,9002,10036,8868,8813,8360,8686,8517,9513,8757,9115,9041,8843,8591,9370,9068,8503,9009,8853,8538,8548,8499,9236,8940,8997,9072,8702,8636,8676,8002,8645,8878.71264367816
9562,9126,8990,9181,9386,9435,8841,9558,9649,8821,9024,9362,9649,9220,8648,8725,9548,9348,9237,9615,9189,9777,9191,9396,9166,8950,9541,8834,8862,8741,8816,9149,9251,8796,7666,8770,9224,9584,9769,9416,9211,9852,8974,9065,9738,9054,8951,9493,8636,8712,8929,9080,9210,9122,9521,9185,9581,9478,9818,9263,9205,8487,9068,9040,9400,9015,9491,9469,8336,8989,9661,9085,8350,9268,8973,8904,8953,9009,9163,8821,9271,9422,9127,8854,8668,8925,8797,9145.25287356322
9892,9185,9580,9136,9134,9300,8683,9751,9332,8682,8776,8678,9808,9275,9197,8893,9586,9659,10134,9033,9213,10319,9268,9363,9776,8930,9769,9356,9140,9130,8719,9070,9187,9163,8142,8899,9234,9656,9661,9508,9449,9590,9363,9076,9440,9026,9315,9452,9117,9178,9005,8966,9157,9637,9324,8887,9542,9428,9482,9393,9163,8577,8920,9412,8674,8393,9598,9558,8638,9134,9111,9258,9136,8346,9324,8712,9069,9029,9125,9042,9495,9269,9145,9141,8921,8904,9155,9210.26436781609
10193,9516,11020,9711,9372,9568,8988,10085,9603,9620,10005,9822,9548,9661,9307,9390,9814,10189,9693,10088,9523,10187,9572,9486,9220,9497,9737,9851,9481,9220,9044,9419,9325,9473,8678,9098,9794,9757,9973,9429,9716,8785,9609,9569,8653,9435,9538,9523,9589,8906,9445,9549,9405,10047,9312,8848,9838,9527,9305,9379,9460,9409,9833,9762,9085,9285,9633,9892,9692,9224,10245,9850,9437,9570,9526,9466,9441,9596,9033,9512,9684,9567,9449,9242,9264,9525,9494,9541.50574712644
9845,9814,10847,10094,9737,9682,9059,10237,9677,9709,9540,9844,9337,10257,9993,9602,9379,10369,9127,10177,9689,10323,9543,9497,9950,9753,9788,9995,9528,9411,9193,9807,9469,9198,10311,9290,9811,9863,9727,9757,9899,10230,10181,9669,9595,9710,9657,9780,8887,9169,10059,9881,9003,10423,9575,9066,9947,9701,9741,9784,9878,9820,10108,9503,9786,9552,9690,9806,11434,9594,10576,10148,9507,9708,9673,9406,9687,10086,9157,9808,9833,9657,9625,9471,9492,9480,10029,9755.1724137931
10430,10020,10618,10295,9961,9910,9382,10417,9493,10021,9075,9669,9434,10148,11207,9937,9941,10639,8390,9810,10100,9555,9688,9509,9843,9920,9562,10524,9819,9641,9737,9950,9435,9684,10653,9581,10054,10217,9686,9647,9807,10141,10949,9508,9819,9591,10083,9980,10007,9218,9897,10044,9727,9955,9834,9418,10111,9242,9689,9972,10215,9893,9836,9662,9566,9336,9617,9991,10175,9876,9949,10170,10205,9881,10060,9292,9888,8444,9443,10007,9945,10283,9847,9521,9454,9871,10137,9852.3908045977
9885,10240,10538,10240,10028,9409,9250,10737,9906,10079,9708,9275,9659,10520,11137,9998,9970,10793,9841,9347,10184,9922,9705,9652,9695,10169,9669,11002,9787,9772,10186,9873,9883,9698,11298,9497,10132,10270,9155,9800,9741,10212,10812,9842,10556,9879,9984,10338,11039,9571,10281,9699,9900,10045,9947,9465,10032,9278,10650,10369,10066,10440,10544,9562,10903,9886,10112,10056,10749,9893,9880,10727,10360,10235,10136,9868,9919,10516,9324,9946,10051,10082,10302,9865,10224,10198,10372,10066.2643678161
10241,10367,10385,10548,10396,10257,9860,10896,9945,10497,10495,10097,9959,10380,10768,10352,10326,10937,11317,10380,10279,10665,9925,10256,10003,10394,9792,10908,10311,10114,10576,10041,10156,9886,11734,9952,10606,10205,9660,9970,10077,10175,10966,10586,10883,10355,10405,10428,11089,10365,10332,10176,10436,10560,10174,9852,10465,9150,11255,10337,10364,10673,10516,9874,11782,10120,10498,10297,10752,10098,9454,10598,10677,10568,10437,10105,10048,10692,9640,10391,10223,10148,10172,9933,10370,10532,10495,10360.4482758621
9978,10473,10078,10864,10174,10422,10411,10973,10398,10465,10712,9907,9990,10384,10415,10575,10410,10767,11043,9968,10407,10541,10139,10640,10278,10104,9446,11306,10229,10493,10708,10419,10172,10552,10530,10264,10618,10715,11614,10092,9948,10365,10481,10879,10352,10397,10470,10604,11279,11482,11007,10372,10093,10050,10256,9794,10416,9246,11372,10382,10146,10833,10104,9910,11414,9921,10238,10352,6794,10170,8097,10453,11038,9996,10931,10381,10182,10942,9920,10390,10724,10358,10331,9859,10770,10101,10578,10366.1149425287
9851,10559,10324,10858,10958,10847,11298,11030,10349,10198,10342,10152,10537,10663,9901,10526,10922,10939,10034,11026,10624,10115,10159,10669,10244,9979,10224,10816,10412,10656,11390,10529,10179,10991,10772,10722,10753,10616,10902,9861,10302,11000,10420,10692,10555,10522,10662,10805,11096,11620,10737,10417,10547,11502,10671,11432,10554,10322,11083,10349,10322,10690,10759,10069,10867,10381,10060,10347,11195,10302,9830,10322,10371,10546,10979,10776,10252,11146,10599,10484,10475,10392,10713,9969,11004,10494,10498,10586.8620689655
10018,10870,10523,10863,10811,10777,12042,10874,10507,10885,10994,10469,11183,10653,9865,11011,11316,11021,9947,10516,10544,10310,10674,11174,11328,9995,10853,10427,10763,10992,11586,10612,10219,10872,10600,10880,10985,10727,10980,10270,10249,10672,10356,11019,11063,10795,10943,10782,10790,10863,10457,10770,11067,11036,10905,11248,10690,11015,10794,10504,10343,10661,10775,10049,10349,10424,10750,10465,11069,10623,10424,10694,10523,10732,11092,11192,10284,11562,11236,10456,10669,10728,10663,10082,11178,10771,10409,10737.4367816092
9807,11134,11077,10976,11118,10872,12568,10864,10616,11413,10966,10756,11284,10800,10619,10731,11211,10712,10236,9852,10562,11034,10666,10657,11875,9437,10937,10045,10558,10801,11216,10743,10443,11265,9669,10904,10906,10913,10597,10610,10496,10383,10449,11051,11224,10951,10906,11096,10672,10393,10098,10716,11408,10323,10718,11837,10899,11497,10971,10640,10281,10403,11089,9912,10345,10586,11057,10644,10924,10567,10754,10792,10503,10521,10659,11353,10748,11704,11101,10505,10801,10692,10279,10055,10765,10784,10591,10765.4367816092
9685,11344,11254,11006,10156,10848,12173,10230,9919,11455,10147,11042,10913,10588,10822,11144,10584,10479,9955,9778,10740,11202,10817,10628,11820,8695,10325,9947,10502,10844,10857,10693,10554,11014,9735,11075,10877,10722,10438,11225,10638,10029,10776,10950,10650,11083,10698,11171,10435,10342,9704,10544,11017,10128,10659,11944,10681,11390,10810,10597,10257,10533,10496,9929,10878,10233,11321,10796,10493,10704,10184,10440,10514,10527,10447,10768,10899,8816,11719,10411,10696,10853,10389,10323,10603,10645,10471,10630.1494252874
10406,10974,11667,10547,11063,10982,11321,9773,10446,9634,10452,11098,9724,10463,11125,11007,10782,10216,11733,9937,10363,10607,10970,10601,10366,8085,10687,10476,10571,10755,10473,10784,10605,11330,10032,10989,10799,10473,11616,11509,11005,10337,10804,10863,11152,10885,10777,10842,10830,10714,9948,10872,11056,10824,10399,10936,10758,11569,10740,10922,10774,11153,10881,10519,11193,10553,11284,10725,10101,10527,11134,10402,10708,10633,10086,10694,10940,11733,10449,10551,10638,10608,10452,10350,10581,10637,10811,10698.7471264368
10696,10982,11135,10353,11146,10705,10653,9101,10596,11133,11063,11062,10654,10726,11232,10959,10748,9916,11955,10715,10904,10694,10771,10816,9865,7446,10878,10949,10512,11169,10049,10966,10866,10780,12240,10976,10995,10992,10414,11612,10673,11408,11150,11002,11087,10976,10871,10839,10445,11292,9999,10851,11223,10938,10482,10503,10423,11748,10874,11018,10918,10694,10639,10865,10159,10418,10483,10722,10691,10775,11459,10115,11027,10458,9992,11119,11142,11516,11252,10605,10879,10829,10595,10290,10835,10485,10639,10768.1264367816
11099,10820,10678,10553,11129,10800,10484,8310,10552,10702,12461,10925,10872,10541,11149,11060,10556,9548,12092,11469,11047,10404,10648,10855,10114,7716,10700,11407,10549,11198,10317,10691,10796,10480,12207,10974,10900,10686,10543,11487,10716,11711,10974,10672,10192,11167,10678,10877,10292,11975,10667,10972,11238,11519,10546,11106,9826,11229,10675,10830,10849,10600,10927,10969,10672,10404,10310,10593,10461,10777,11276,10404,10642,10301,10405,11477,10675,11264,10410,10499,10655,10944,10644,10298,11216,10785,11163,10770.1264367816
11015,10694,10293,10206,11057,10803,10341,10060,10691,10568,12323,10950,10892,10710,10937,10920,10355,8966,11024,11207,10994,10933,10837,10629,10656,9850,10869,11324,10941,11133,10073,10556,10854,9593,13004,10667,11042,10480,10218,11198,10810,11614,11107,10729,9639,11114,10486,10720,10302,11521,10826,10880,11215,11748,10620,10595,9428,11155,10527,11218,11640,10767,11191,11288,11432,10722,10488,10427,10916,11137,10859,10357,10597,10328,11018,11419,10697,11218,10061,10552,11090,10879,10535,10083,10999,10678,11067,10788.0689655172
11694,10432,10102,10163,11213,10980,10223,12113,11018,10007,11785,10873,10269,10800,10808,11074,10576,8682,10190,11272,11146,10777,10767,10741,10000,13941,10789,10899,10952,11172,10397,10431,10893,9533,15694,10591,10980,9979,11847,11138,10799,11826,10809,10549,9732,11110,10838,10511,9819,11800,10350,10707,11147,9178,11178,10541,9214,10541,10133,11174,11344,11201,10820,10970,12476,11144,10404,10371,10642,10785,10929,10561,10680,10498,11337,11458,11009,11015,9687,10564,10478,10874,10784,9936,11162,10804,11161,10827.4827586207
11721,10229,10297,10038,10911,11063,10316,12413,11235,10676,11106,11145,10510,10624,10803,10923,10598,9586,9865,11894,11274,10790,10704,10737,9876,14880,11248,10438,10768,10935,11190,10681,11206,10334,11748,10964,11177,9594,12707,10997,10944,10748,11485,10715,9866,10870,10598,10357,9879,11288,10484,10921,10977,11387,10730,11500,10473,10714,10990,11195,11128,11239,10661,11033,11769,11107,10553,10272,10587,11093,10863,10654,11009,10676,10460,11456,11003,10654,9465,10710,11012,10784,10901,9986,11025,11241,11049,10881.7471264368
11696,10407,10528,9681,10891,11339,10304,10871,11392,10649,9483,10751,10737,10662,10646,11224,10850,10063,10339,12057,11385,10768,10780,10956,10938,13303,11302,10848,10799,11207,11469,10647,10911,11171,12334,11228,11136,9603,10768,10920,10896,10428,11602,10341,10339,10736,10572,10769,10056,11412,10618,10768,10919,10554,10710,13707,11774,11107,11564,11108,11301,10574,10464,10929,10808,11351,11057,10417,10586,10943,10958,10959,11378,10606,10443,11259,11057,10633,10140,10950,10793,10960,10924,9759,10881,11332,11072,10914.4482758621
10845,10568,10713,9887,10558,11189,9992,11140,11380,11071,8574,10798,11715,10768,10602,11190,10852,10217,11665,10785,11357,10950,10894,11068,11542,12479,10828,11066,11001,10807,11648,10687,10797,11575,12260,10944,11159,10136,10650,10834,10729,10484,11361,10453,10542,10390,10649,11231,10301,10982,11082,10873,10778,10248,11207,10337,11396,11011,11547,11433,10616,12221,10599,10626,9603,11013,11107,10043,10785,10983,10392,11123,11442,10835,10960,10785,10831,10408,11115,10738,10772,10779,10761,10059,10639,11273,11086,10871.4827586207
11138,10963,10922,9960,11334,10771,10332,11616,11555,10653,9024,10325,11743,10956,10749,11301,10841,11029,11259,11017,11330,10992,10968,11013,12014,14199,10966,10769,10875,11094,11525,10860,10881,11404,13685,10849,11543,10238,10916,10860,10815,10848,10986,11079,10468,10132,10949,11731,10572,11037,10716,10932,10285,10449,11033,9181,11079,11091,11401,11037,10433,10992,10871,11080,9332,10605,10873,10508,10915,10924,10398,11465,11344,10875,11657,10327,10831,10294,11967,10778,10615,10642,11087,10186,10860,11330,11511,10953.908045977
10557,10794,11022,10554,11414,10786,10406,8714,11075,10844,10209,10879,11521,11126,10461,11287,10918,12379,12455,12127,11393,10907,11106,11253,11089,11100,11057,10456,10719,11100,11573,10948,10853,10133,15266,10942,11339,10539,10626,10314,11031,10473,11058,11654,11161,10104,10908,12248,10638,10919,10374,11054,10033,11346,11255,10360,10106,10929,11327,11142,10426,10647,11004,11334,9906,10396,11049,11698,10880,10895,10768,11441,11470,11044,11717,10692,10658,9967,11231,11174,10405,11089,11190,10425,11722,10995,10812,10981.5632183908
10742,10833,11213,10845,11198,10781,11434,13076,11188,10748,17820,10806,10898,11274,10793,11326,11270,12852,11025,15894,11325,10749,11392,11062,10817,10670,11108,10712,10782,11175,10946,10988,10959,10319,14123,10929,11399,10907,10757,10080,10787,10171,10869,11519,10790,10105,10681,11823,10512,10967,9465,11065,9771,11650,11154,11993,11970,11430,10300,11448,11197,9960,10791,10649,11168,10587,11366,12727,11270,10742,11011,11476,11018,11017,10695,10859,11039,9905,11587,11146,10498,11171,11311,10584,11495,11210,11135,11187.3448275862
10720,10695,11413,11213,11145,10514,10866,11288,11061,10687,13152,10716,10690,11500,11044,11348,11211,12064,10571,12892,11456,10589,11604,10782,10514,10121,11038,11076,10868,11413,10417,11197,11292,10234,11801,10853,11264,11558,10617,9943,10916,10963,11309,11667,10818,10912,10921,10639,10991,10573,9198,10871,9785,11084,10948,10532,11521,11403,10173,10621,14610,9925,10720,10595,10553,10661,11008,11916,11545,10990,11266,11535,10761,10981,10646,11455,11248,10326,11617,11154,10369,11282,11124,10962,11636,11156,10491,11032.2298850575
10600,10738,10982,11708,11070,10941,10985,9261,10631,10729,10040,10893,10576,11104,10933,11346,11044,12215,10403,10710,11207,10912,11589,11094,10749,10941,11401,10861,10864,11141,10034,11428,11208,11171,11227,11159,11318,11416,10716,10223,10939,11765,11227,11153,11451,12223,11128,10387,11086,10965,9500,11061,9994,13802,10859,10731,11576,11235,10594,10355,9952,11727,10830,11166,12607,10884,10698,10506,11470,11020,11392,11412,10553,10703,10443,10958,11016,10181,11572,11221,10590,11241,11320,11727,11645,11177,10985,11018.3333333333
10050,11100,11260,11758,11254,10418,13069,11306,10331,11752,9939,11164,10262,11043,11285,11461,11151,12117,10210,11311,11405,11127,11258,11022,10905,11106,11421,11107,11065,11037,10176,11241,11066,12499,12974,11260,11068,11807,10748,10912,11225,11259,11648,11054,11594,11916,11114,10196,11232,10790,11321,11218,10532,11145,10852,10446,10415,11107,11250,10716,10601,11765,11248,11148,9619,11097,10660,10042,11031,11158,11587,11632,10639,10867,10554,10823,11173,10501,11393,11092,10484,11304,11708,11649,11017,11174,10736,11093.9885057471
10131,11672,11326,12835,11385,9614,11665,11156,10209,11939,10356,11032,10483,11437,11601,11416,10981,11132,10961,11591,11381,11477,11211,11405,10979,10782,11687,10889,11198,10903,10798,11374,11124,12680,13077,11277,10930,11089,10072,11234,11244,11485,11662,11389,11545,12582,11274,10396,11655,10544,13086,11489,10932,11213,10917,11493,10660,11236,11336,10161,11461,11337,11985,11508,9651,11430,10707,11099,11296,11020,11857,11555,10633,11170,11912,10592,10882,11293,11491,11066,10809,11626,11820,12381,10204,11301,11098,11241.0574712644
10971,12074,11882,11494,11205,8777,11314,10933,10492,11638,11898,10572,10964,11400,11386,11336,10855,11160,11223,11004,11311,11620,11439,11421,11428,10630,11757,11097,11344,11047,10792,11188,10969,12100,12674,11125,10847,11037,11390,11527,11458,10948,11134,11276,12136,12152,11206,11007,13120,9852,13283,11374,11650,11375,11000,11393,10989,11420,11228,10366,12660,11094,11459,11443,10441,11516,10899,11101,11238,11118,11772,11319,11013,11463,12650,10878,11333,11564,10523,10976,10937,11661,11562,12082,10097,11071,11401,11298.3793103448
11329,11778,12123,11448,11038,8527,11716,14413,10881,11672,11206,11486,11574,11654,11213,11304,10510,11045,11677,10587,11078,11704,11818,11514,11638,10775,11814,11221,11446,10881,11080,10906,11566,11964,11227,11164,10864,11110,10370,11918,11595,10747,10649,11569,10825,11000,11305,11244,10886,9752,13454,11500,11985,11356,11365,10310,12799,11403,11460,11144,12307,11474,11517,11570,11403,11785,10891,11968,11783,11556,11477,11293,11208,11783,13265,11393,11384,11854,10353,11345,11628,11453,11369,11849,10579,10890,11774,11387.7931034483
10396,11499,12497,12003,11177,10185,10932,11402,12034,11056,10017,11851,11900,11495,11323,11334,10242,10967,11638,12880,10863,11400,11807,11478,11377,11117,12050,11605,11628,11278,11005,11113,11749,11681,9630,11371,10817,11976,11628,11592,11317,10866,10225,11952,10779,10551,11252,11867,11517,10355,12279,11485,12486,10541,11384,11670,12162,11633,12730,11086,11792,11342,10767,11014,12015,11969,11191,12133,11851,11670,11714,11090,11238,11354,12514,11375,11358,11902,10796,11589,11104,11735,11189,11358,11620,11092,11770,11410.0229885057
10675,11724,12338,12449,11258,12830,11236,12328,12551,10869,12672,12027,12778,12170,11476,11391,10358,11483,11484,11605,10588,11475,11937,11495,11841,12036,11982,11658,11728,11540,11721,11246,11888,12964,9785,11960,10979,11762,12142,11450,11594,12045,9649,12017,11264,11474,11420,11585,11904,11033,11157,11794,12559,10401,11501,10752,13756,11750,11485,11627,10982,11668,11133,11475,12463,11858,12240,11774,12055,11969,11481,10560,11385,11839,11485,10746,11364,11933,11744,11587,11270,11928,11222,11691,13360,11177,11597,11639.4482758621
11558,11344,12171,12751,11856,14286,10924,12099,12691,10279,13940,11792,12311,12380,11667,11320,10520,11521,11607,11689,10464,11802,12033,11601,12179,12225,11711,11887,12063,12050,12325,11045,11800,11120,13317,11711,10828,11779,11649,11891,11481,12518,9601,12052,10374,12969,11775,11541,12904,11585,10920,11782,12840,10549,11585,10820,11560,12002,11337,12202,10432,11601,11564,11925,12241,12311,11943,12376,12460,11787,10868,10393,11526,11502,10295,10943,11177,14306,12256,11437,13262,11757,11298,12778,12116,11372,11934,11775.2068965517
13136,11320,11982,11270,10955,13692,12092,12660,13727,9661,12788,13078,12249,11663,11593,11729,12120,12000,11955,11539,10404,12306,12264,11373,12259,12681,11313,11872,12059,12090,13116,11030,11853,11582,11718,12460,10646,12280,12297,12252,11264,11710,9959,11930,11305,12055,12240,12230,12233,11949,11120,11890,12912,11244,11772,11786,10002,11979,11445,12433,11402,11995,12225,12124,11869,12025,12264,11470,12579,11794,10258,10351,12037,11987,10070,11052,11923,11974,12029,11504,12316,11905,12089,13140,11826,11648,11717,11840.1724137931
14166,11586,11369,11386,10272,12164,12334,12082,12203,9732,12920,11916,11947,11425,11284,12053,13706,12394,11908,11326,10526,12687,12483,11712,12238,12410,11177,11127,12350,12564,12658,11005,11871,11951,14558,12220,10545,12559,12962,11645,11020,11310,11348,11608,11883,12365,12416,11779,11364,12380,11562,12174,13178,12339,12159,13559,10305,11698,11229,12472,12307,11950,13514,12467,11521,11392,12598,11273,12845,12004,10020,11502,12017,11892,10135,11334,12159,11876,11622,12118,11784,11902,12339,12294,12846,12311,11466,11943.183908046
12293,11929,10759,11780,13767,11839,12490,12322,12527,11241,10803,11317,11265,11419,12148,12127,12874,12467,11498,10184,11762,12697,12606,12007,12443,12481,12357,11105,12579,12555,11593,11144,11454,11116,13572,11684,10752,11853,12087,12264,11582,11520,12515,11887,14545,13359,12492,11362,12066,12334,14016,12013,13240,12465,11380,13441,13600,11751,10906,16835,12750,11727,13185,12681,13567,11457,11932,12173,13071,11193,12269,11947,12183,12024,11532,11654,12387,12180,12922,12195,11690,11899,12287,11789,12895,13099,11224,12188.2873563218
11768,12372,10339,12105,13547,11969,12349,11730,11785,13368,11244,11913,11141,11582,12015,12346,11911,11783,11686,10838,12791,12550,12416,12521,12323,11310,11960,11149,12433,12347,12942,11888,11268,12893,13380,11541,11157,13518,11647,12936,11547,11887,12978,11280,12435,11233,12773,10710,11431,12610,13204,12235,12476,12390,11374,13611,12893,11449,10686,11463,12329,12174,13297,12402,11886,11461,11613,13024,12856,11935,13928,12937,12021,12217,12618,12530,12258,12397,12007,12154,12354,12080,12771,11326,11218,13382,11723,12141.6551724138
11586,14299,9885,12454,13324,12233,13267,10966,12091,12693,11275,11914,11835,12168,11943,12218,11904,11711,11930,10973,13249,12243,12286,12385,12095,10698,11598,11993,12343,11896,12389,12514,10206,11747,13560,11469,15258,11615,11944,12342,12930,12823,12926,10890,13585,11681,12166,10265,12460,13573,12708,12263,11806,12548,11299,11225,12821,11260,11653,10912,11089,11927,11787,12377,11543,11789,11647,13329,13182,12543,14432,13487,12459,12286,12366,13005,12135,12571,11382,12268,11825,11831,12101,11572,11262,13970,11747,12163.275862069
11799,11800,10327,12399,12299,12734,11659,11365,12507,11508,11152,12871,12027,12512,12162,11317,12667,12094,12393,11068,13189,12453,12041,13346,12053,10892,11103,11971,12565,12074,12588,12355,9851,11892,13518,11351,12105,11861,13331,11899,13026,12898,12664,10643,11058,12733,11427,9558,11598,13804,11754,12114,10574,12496,11201,9954,12782,11012,11621,10753,10868,12274,11958,11153,17706,11283,12156,12480,12172,11716,12955,12908,12413,12005,13384,14243,11783,12690,12227,12105,12195,12171,12010,11599,12076,12847,11931,12069.8390804598
12734,11570,11662,12559,9362,12609,12531,11691,11352,12140,11233,13874,12205,12728,12700,10789,13570,12540,13675,11196,13234,12527,12185,12954,12095,12529,11577,12826,12572,12978,13374,12237,10313,12286,8567,11333,11863,12738,11685,11901,13201,12637,13804,10390,11094,13641,10528,11013,11478,13545,12453,12107,10599,12487,10705,11456,12919,11587,12220,11127,11094,12283,10451,11628,12278,11899,12507,12767,11659,12256,11858,13024,12453,12117,12581,12763,11900,12871,11540,12269,13172,12446,12250,12696,12160,13053,11805,12106.4942528736
12627,13041,12654,12704,11090,12654,12183,12112,11287,13108,11452,12361,12741,12292,13107,10247,13331,13192,14530,12516,12086,12271,11651,11615,12416,11563,11066,12929,12054,13664,12753,12275,11876,12603,7210,11064,12054,11563,11542,11116,12312,11963,13267,11873,11804,12683,11536,15970,12126,12999,12504,12020,10797,13096,11660,13315,11325,12226,12558,12165,12382,12514,10500,11973,11804,11931,12237,11905,11405,12382,13038,11558,12530,11731,12371,12059,13096,13140,12533,12135,12035,12603,13202,13245,11485,12252,11902,12215.4827586207
14827,11927,12699,12442,14113,14477,12513,11845,14663,12795,11201,11971,12463,12329,12956,9718,13197,13210,13133,12354,11715,11682,10776,10135,12467,12240,12713,13349,12329,13854,11418,12465,13871,11618,6519,11310,12114,12289,11824,11279,11970,11558,12291,12940,12482,11433,11171,14910,11821,12827,12980,12049,10627,12490,12652,14754,11044,13100,12844,13296,13017,12411,12756,12884,10966,11425,11953,11701,10876,12366,12373,10004,12358,11232,13844,11837,12072,12866,13192,12067,12755,12668,13268,13388,12159,12352,12036,12308.7931034483
13917,12286,13481,11359,12552,13841,12040,11800,12308,12232,11503,12472,11795,12378,11991,11922,12443,12137,11729,12417,11889,11124,10179,10016,11965,13129,14542,12929,12198,12416,11139,12615,13225,11133,6062,11777,12675,12361,12195,11848,11985,11486,12384,14248,13228,11392,11719,13157,12305,12243,12457,11751,11485,12757,13265,13223,12190,12654,12796,13029,13074,12487,12161,14522,10589,11795,12194,13054,9854,12026,12187,9876,12637,11566,12203,11988,12220,12549,13221,12258,12423,11985,13482,11853,12603,11605,11737,12183.0229885057
11829,13072,13482,11771,9992,11195,12323,12140,12361,13041,12427,11810,11950,12192,11023,13681,12039,11924,11326,12152,12438,11182,10486,12925,11737,12932,14023,12932,12636,10785,10988,11776,13909,10758,6758,12352,12990,12888,11123,12962,13012,12559,12886,14336,13379,12560,12271,11428,13415,11939,11436,11986,12732,12736,13577,12553,12870,12754,13390,11992,11521,12325,11507,13397,11757,13207,12380,10910,9952,12227,11788,10557,12593,12793,12603,11705,15256,12457,13080,12180,12290,11760,12805,11520,10963,11516,11366,12190.0689655172
11196,12373,12279,11612,12834,11263,11770,12791,12678,12463,11197,11811,12054,11681,11299,15153,11802,10996,11065,11498,11705,11512,12030,14069,11292,12504,12015,12170,12073,10345,11418,12109,11939,11266,7711,14252,12418,11102,12801,11525,12573,12822,12182,11726,11615,12669,12643,10701,13202,11592,11535,11539,11974,11482,12841,13523,13444,12188,12022,10939,10713,12219,11675,11716,11613,14378,11833,10898,9790,12111,10922,12686,12486,11974,12992,12258,11877,11753,12502,11941,12527,11640,12180,11658,12492,11545,11453,11966.8390804598
10367,11069,12834,11035,11436,11089,12152,11900,11462,12239,10591,10765,12331,11712,11517,13607,11067,11982,11486,10848,11518,11552,12551,13041,10717,12185,11091,11793,11502,10981,11843,11938,11958,12054,9460,12385,11998,11860,11881,11719,11823,12585,11474,10403,11862,10845,13106,11169,13100,10701,11201,11607,11801,10362,12121,12606,10987,11200,11398,11230,11458,11938,10846,10793,11508,14361,11240,13545,10729,11896,12185,14176,11566,11467,11340,12119,11964,10593,12511,11441,12123,12334,11000,12333,12835,11662,11375,11706.1494252874
9810,10962,12788,11266,11921,11673,10578,10301,10779,12655,11006,13255,11591,11543,11681,10304,11315,11282,11675,11399,10700,11595,13124,12503,10789,11290,10899,11099,11491,10074,11719,11989,11204,12336,11103,11424,11367,11512,11216,11861,11688,11530,10063,13449,11761,9741,13475,12180,12093,10144,12488,11375,12970,9577,12617,11438,10041,11133,11165,11174,11669,11564,11487,10559,11922,12689,11142,11785,16107,11664,12266,15159,10642,11773,10824,11601,10701,10159,11832,11583,11442,11485,10313,12392,12264,11448,11857,11557.5862068966
9993,11037,10935,12001,11980,10552,9774,9123,10096,11708,10707,10800,10820,10999,10659,10117,11066,11806,11429,10265,10726,11187,11265,11481,11254,11166,11819,10900,10977,10545,11879,12553,10390,11931,11632,11045,10961,10851,11257,11600,10205,10057,12150,12300,10469,10871,12918,12814,11241,9421,11109,11046,12606,9000,11349,10863,10336,10956,11892,11501,11844,11231,12735,10345,10049,11097,10773,11344,12607,10552,11181,12589,11205,11120,12597,10605,10971,9755,11503,11586,11252,11610,9447,11538,10873,10355,11170,11107.1724137931
11379,10984,9938,11383,11141,11229,9707,9096,10445,10865,11371,10468,11658,10545,11021,12257,9892,10913,11256,10184,11959,10850,12186,11225,11815,10107,10776,10621,10717,11848,11492,12023,11902,11467,11549,10910,10953,10671,12079,10777,10129,10935,11319,10259,10404,10665,11572,11658,10154,9383,12452,10685,10133,9324,10647,9295,12580,11121,10127,10464,10460,10608,11293,11286,11153,9840,11066,10815,11562,10554,10339,10317,11377,11102,12382,11804,9878,10368,10125,11141,10950,10387,9455,11051,10136,9998,10532,10861.4252873563
12546,10483,9629,10013,12234,10681,11579,12959,10660,11304,10867,10462,10347,10287,11054,9938,10650,10277,10218,9890,10448,10784,11627,10938,11106,10264,10728,10056,10304,11880,10851,11104,11675,10643,10286,11688,10508,11008,10408,10175,9749,11452,10807,9875,10310,10378,9943,10797,8733,11100,9896,9675,10538,10970,10269,9058,12284,10545,10139,9148,9976,10362,9916,10996,11612,9639,10493,9768,10585,9823,9639,9364,10154,10123,10424,9883,9715,10277,9800,10397,10556,10378,9500,10173,10994,10573,10063,10498.9425287356
11140,9839,9575,9827,10139,10838,10416,10960,10665,10070,10665,9737,10069,10015,10989,10399,10556,9941,9622,9714,10629,10395,10419,10025,9855,10003,11044,9990,9845,10490,10080,10420,10733,9469,9859,11179,10082,10106,10231,10102,9672,10464,10262,9709,9997,10039,9631,7295,9648,10587,10407,9165,10767,12165,10074,9336,9834,10001,10103,9332,9801,9912,9886,10597,10958,9898,10765,8768,10796,10023,12252,10177,9486,9370,7412,9849,10058,10732,9009,9821,9996,10570,9955,9340,10015,10030,10614,10100.1149425287
9810,9699,9760,9621,7662,9177,10554,10513,9299,8294,10147,9560,9722,9386,10045,9711,10849,9582,8947,9800,10650,10005,9433,9027,9042,9350,9966,10634,9270,9536,9358,9197,9595,9067,9361,10559,10212,9442,9276,10094,9634,9140,10300,10970,9041,8977,8586,7287,10310,10207,8557,9661,9323,12984,9006,8444,8028,9804,9109,9089,9164,9447,9941,9561,9151,9840,9815,8167,8653,9463,7750,9949,9577,8701,7251,9403,9410,9441,8938,9362,9422,8764,9466,8831,9846,9144,10137,9451.29885057471
8595,9212,8840,9033,7527,9130,9426,8593,8821,8221,9637,8530,9138,9115,9293,8439,10089,8421,7838,8898,9013,9514,8376,7889,9673,8389,9042,9000,9265,9006,8639,9090,8801,8457,9021,9814,9681,8351,8814,9480,9398,8723,8504,8554,9891,9555,8426,10318,10041,9602,9433,10056,9234,8717,8840,8546,7894,8794,8815,9975,9963,8519,10003,8776,8652,8903,9181,8176,7924,9071,7003,8402,9798,7727,8068,8633,9296,8927,8728,8802,8876,9058,8861,8556,7913,8693,9770,8916.16091954023
7777,8644,8817,7932,11029,8532,8897,7804,8563,9613,8567,9515,9356,8551,8156,9025,8205,8204,7950,8728,9060,9077,8130,7779,9357,8277,8031,7524,8702,8003,8214,8551,8354,8824,8014,8576,8382,8573,7165,8587,8813,7970,8112,7385,8711,8688,8398,10846,8621,8461,7814,9175,9123,7580,8996,8189,8029,8483,9231,8756,8957,8376,9171,7948,8293,8459,8958,7998,8491,8823,7734,8185,8660,10431,8382,8741,9170,8043,9115,8601,8456,8368,8750,8005,6840,8295,9132,8538.02298850575
7749,7596,8900,7175,7522,9106,6401,8635,9096,8529,8019,8001,7607,7604,6808,8937,7217,8105,7265,7831,6881,8673,7055,7827,8054,8165,7501,8039,8002,7237,7815,7709,7651,8092,7714,7207,7411,8275,7092,7923,8157,7974,7312,7079,8288,8215,8190,11058,7233,8014,7611,8020,8129,6772,8040,7633,6635,7605,7998,8441,7384,7589,8042,7565,7628,7639,8104,7818,7859,7678,9510,6419,7681,8104,8048,7516,8537,8018,8251,7813,7913,7274,7767,8549,7788,7842,7703,7849.06896551724
7917,7191,7241,7411,5901,7513,5987,7494,6836,7164,7915,7071,7002,7169,6541,6225,5966,7426,7319,7302,6868,6990,6507,7364,7702,6747,6774,7959,7632,6721,6762,6911,7713,8134,7164,6822,6655,7241,7591,6779,7646,7381,7066,6756,7199,7146,7500,6643,6676,7413,8220,7780,7289,7505,7697,7148,7463,7211,7762,7147,7210,6977,6627,6550,7998,6962,7808,7529,7357,7628,8055,6406,7185,7538,8015,7408,7437,7345,7580,7306,7531,7145,7119,8021,7359,7276,7143,7227.47126436782
7097,6844,6945,7568,6059,6496,6609,7407,6701,6693,6699,6620,6978,6540,6427,4966,6313,6092,7285,6694,7149,5644,5933,6486,6905,6446,6135,7447,6558,6394,6526,6188,7146,6521,6442,6663,6607,7102,7355,6171,6628,6478,6658,7400,6455,6567,6605,4908,6038,5988,6455,6675,6123,6940,6368,6711,7458,6361,6716,6477,6758,6443,6105,6407,6769,6503,6043,6897,6812,6920,6550,6690,6237,6731,6900,6599,6824,6878,6859,6525,6754,7308,6442,7547,6993,6692,6949,6620.63218390805
5399,6337,6965,6679,7305,6186,6581,6806,5910,6308,6419,5873,5909,6051,5879,6660,6646,6220,7329,6008,6358,4937,5647,6170,5726,5775,4989,6385,6167,6166,5882,5530,6532,5806,6152,6242,6412,5748,7525,5929,5895,6490,6532,6179,6557,5521,5783,5027,5767,5608,5514,6893,5602,6547,5929,6067,6749,5780,5835,6862,6042,5992,5530,6692,5708,6673,5312,6626,6018,6217,5521,7680,6158,5670,6211,6255,6220,6256,6275,6344,6236,7081,6112,6450,6197,5734,6656,6167.25287356322
4905,5567,5606,4864,6181,5213,5444,5890,5191,6507,5358,6376,5446,5331,6150,6441,6722,5564,5820,5651,5260,4872,5293,5327,4977,5302,4789,5631,5278,5433,5264,5496,5575,5357,5659,5254,5593,5365,5797,5379,4946,5169,5086,5361,5501,5110,5288,5469,5350,6195,4648,6084,4873,5342,5325,5558,5631,5468,5542,5864,5292,5173,5280,5894,4828,6026,5842,5943,5432,5440,6212,5973,5400,5613,5110,5281,5368,5413,5943,5710,5325,4860,5424,5268,5354,5013,5787,5484.3908045977
4926,4663,4501,4315,4785,4794,4947,4429,4607,4445,4947,4819,5147,4904,5728,4849,4813,5247,4875,4930,4825,4763,4814,5346,4057,5264,4657,4804,4775,5008,4795,5142,4595,5069,4906,4693,4780,5557,4846,4992,4534,4747,4565,5431,5164,4999,4461,5572,4818,5238,4384,5132,4722,4957,5188,4935,5140,4975,4903,5159,4617,4655,5472,5245,4526,4883,5324,5535,4856,4888,5490,4640,4623,5692,4713,4689,4826,4731,4955,5072,4533,4248,5214,5045,5145,4874,5109,4907.85057471264
4867,4182,4125,4328,3308,4100,5073,3634,3976,3975,4464,4550,4450,4582,5061,3804,3901,4506,4375,4366,4957,4432,4221,4205,3746,4977,4723,4075,4306,4601,4397,4248,3701,4440,4506,3871,4208,4273,4550,4718,4166,4736,4352,4209,4869,4881,4404,4480,4540,4560,4865,3967,4630,4789,4804,4820,4322,4847,4520,4105,4944,4306,4806,4592,4306,4567,4467,4588,4310,4214,3744,4174,4201,5489,4450,4130,4303,4049,5113,4832,4126,3999,4381,4620,4924,4764,4525,4420.36781609195
4720,3596,3570,3920,3289,3769,3927,3649,4221,3465,4094,4012,4014,3973,4145,3840,3275,4282,3864,4603,4084,4226,4066,3793,3743,4131,4126,3862,3932,3856,4079,4070,3348,4249,4169,3625,4091,3947,4085,4061,4069,4162,3766,3494,4405,4072,3924,3568,3893,4167,4608,3197,3871,3627,4337,3991,3771,4344,3995,3871,4049,3918,3582,4297,3998,3847,3639,3979,3766,3992,4330,3719,4114,5181,3951,3793,3742,4045,4123,4425,3688,3661,4126,3988,3810,4274,3700,3961.37931034483
3729,3225,3457,3868,3692,3091,3244,3033,3129,3743,3416,3252,3517,3505,3321,3577,3045,3531,3442,3757,3373,3791,3660,3151,4180,3731,3621,3370,3541,3335,3669,3440,3195,3620,3509,3516,3375,3383,3221,3808,3559,3729,3653,3687,3204,2978,3530,3474,3728,3819,3807,2980,3303,3004,3745,3286,3347,3387,3496,3532,3781,3624,3123,3430,4152,3817,3505,3492,3741,4260,3112,3438,3311,4011,3818,3557,3122,3524,3539,3632,3229,3666,3845,3435,3351,3818,3310,3505.2183908046
3304,2870,2992,3379,3690,2924,3283,2896,2920,2971,2980,2707,3083,3093,2983,3321,3478,3018,2920,2965,2406,3406,3304,2964,3506,3407,3342,3240,3050,2927,3075,3395,2987,3181,3197,2862,2860,3154,2690,3511,3028,3266,3260,3039,2632,2492,3139,3151,3045,2994,2868,2733,2790,2731,2926,3052,2998,3080,3151,3216,3571,3213,2813,3032,2928,2877,3313,3048,3037,3300,2708,2892,3011,3001,3239,2852,2906,3174,2892,3037,3020,3568,2856,3006,3397,3239,3122,3067.63218390805
2492,3991,3070,3790,2774,2417,3120,2511,2543,2761,2775,2630,2660,2746,2765,3933,2620,2713,2615,3073,3476,3109,2866,2626,2813,2830,2995,2734,2719,2711,2782,2695,2922,2643,2780,2692,3571,2656,2261,2961,2829,2500,2532,2645,2454,3403,3012,2691,3501,2826,2476,3990,2739,4184,2652,2818,2583,3006,2611,3233,2972,2924,3600,2371,2365,2479,3008,2659,2892,3290,2489,4242,2625,2267,2587,2844,3739,3001,2370,2817,2805,2423,3149,2536,3048,2649,2923,2880.45977011494
2192,2379,2359,2318,2196,2078,2489,2239,2226,2104,2433,2390,2215,2297,2542,1998,2252,2494,2433,2442,2161,2394,2494,2349,2322,2653,2420,2283,2435,2482,2406,2629,2564,2369,2365,2433,1991,2504,2211,2378,2524,2083,2328,2289,2138,2860,2402,2576,2262,2092,2186,2267,2772,1801,2666,2274,2421,2280,2426,2423,2427,2462,2196,2285,2144,3179,2304,2457,2439,2073,2401,2128,2511,2109,2326,2632,2442,2297,1950,2479,2505,2652,2427,2237,2553,2318,2532,2361.54022988506
2112,2121,1857,1727,2304,1928,2230,2041,1965,2085,2447,2141,1939,2091,2031,1895,1818,2027,2018,2137,2177,1952,2230,2078,1926,2301,2041,1958,2241,2057,2190,2273,2204,2164,2199,2111,1827,2149,1991,1981,2184,1923,1975,2186,1830,2222,2199,2078,2277,1831,1992,1969,2309,1993,2223,1974,1937,2047,2130,2068,1921,2221,2108,2150,1642,2023,2490,2136,2069,1822,2208,1928,2151,1862,2260,2080,1945,1886,1565,2165,2106,2265,2128,1978,2164,1898,2283,2066.26436781609
1847,1758,1666,1925,1796,1588,1570,1813,1702,2258,1768,2012,1764,1903,1770,1683,1607,1679,1742,1676,1727,1676,1884,1692,1762,1980,1824,1691,1699,1794,1865,2053,2051,1911,1639,1980,1894,1700,1751,1793,1887,1750,1737,1887,1633,1758,1676,1922,1710,1654,1761,1816,1867,1625,1805,1870,1785,1839,1775,1875,1533,1920,1739,1902,1500,1850,1840,1916,1779,1736,1767,1756,1812,1481,1922,1908,1786,1781,1345,1725,1711,1867,1949,1789,1621,1681,1920,1782.31034482759
1391,1399,1447,1458,1497,1447,1448,1711,1628,1647,1470,1623,1532,1655,1644,1489,1761,1767,1660,1491,1537,1442,1558,1543,1580,1703,1539,1451,1522,1785,1579,1610,1635,1582,1433,1661,1739,1420,1521,1615,1691,1483,1673,1735,1386,1440,1412,1517,1496,1476,1559,1756,1537,1558,1455,1512,1463,1757,1629,1435,1355,1719,1622,1654,1270,1483,1521,1616,1792,1700,1358,1431,1570,1805,1663,1859,1732,1689,1214,1495,1647,1356,1485,1650,1464,1580,1888,1565.6091954023
1420,1273,1543,1463,1310,1173,1172,1600,1405,1341,1340,1310,1399,1433,1256,1243,1463,1394,1287,1313,1288,1280,1339,1217,1394,1419,1333,1205,1283,1366,1436,1242,1562,1347,1379,1466,1478,1276,1412,1496,1431,1587,1433,1474,1221,1391,1384,1402,1606,1212,1374,1428,1218,1351,1211,1317,1263,1475,1323,1275,1231,1446,1400,1486,1148,1212,1303,1298,1221,1403,1219,1307,1380,1194,1330,1459,1192,1381,1224,1386,1358,1284,1261,1465,1398,1465,1429,1351.86206896552
1014,1123,1344,1198,1181,1120,1027,1236,1271,1110,1165,1082,1187,1215,1095,1211,1113,1205,1259,1164,1066,1159,1416,1055,1240,1232,1152,1221,1065,1135,1261,1115,1226,1146,1112,1302,1254,1073,1203,1559,1249,1054,1184,1213,1045,948,1179,1153,1177,1398,1153,1262,1165,1194,1221,1143,1102,1311,1111,1171,1185,1263,1114,1181,1153,1165,1212,1151,1175,1291,1275,1205,1395,1189,1171,1207,1091,1388,1033,1093,1202,1119,1180,1277,1222,1316,1115,1185.20689655172
895,966,1084,992,1084,912,831,1107,1085,872,1028,931,972,1122,1014,981,1196,1037,1023,1035,1037,1002,1165,1006,1124,1051,1198,966,1002,919,976,948,1073,912,959,1095,942,951,1054,985,1076,943,1023,935,970,932,984,999,971,1145,956,962,1005,1116,921,1110,952,965,880,1011,1033,1054,966,944,905,903,904,1016,895,947,1102,1223,1124,1129,906,1079,867,1018,1005,1046,993,960,1142,1088,949,1035,974,1006.83908045977
851,896,853,824,807,796,746,862,889,839,893,848,833,852,839,1002,987,852,950,881,814,899,1268,822,975,894,901,853,816,812,872,707,952,793,756,908,761,887,960,670,954,800,906,760,831,801,820,794,862,1054,1003,781,897,957,871,919,810,834,890,962,906,1000,840,1021,807,772,778,764,904,907,1027,788,925,1074,828,875,758,929,981,879,881,975,1234,979,971,917,645,879.206896551724
686,750,719,683,703,722,741,748,857,735,692,847,656,671,752,737,673,684,736,757,679,758,688,685,789,835,815,724,653,683,717,835,848,674,638,746,640,680,797,499,796,711,689,646,779,804,714,702,726,689,712,613,730,655,677,834,684,681,674,730,792,850,750,735,723,664,688,741,676,683,714,586,758,684,743,751,621,736,795,751,708,765,825,879,675,775,552,721.816091954023
594,677,654,617,641,657,613,673,626,738,744,624,589,648,664,651,640,603,725,638,571,578,576,664,711,667,647,691,669,580,651,620,728,631,559,696,574,631,773,420,706,691,562,617,697,624,689,635,614,542,591,614,640,542,588,754,670,543,634,628,644,656,598,650,640,608,644,638,601,588,570,557,603,588,707,772,658,624,696,645,669,571,650,708,565,689,497,635.287356321839
504,486,419,516,479,604,548,527,567,618,567,498,504,516,526,446,520,486,552,558,522,508,496,489,520,628,534,581,530,527,548,646,595,524,466,561,439,573,666,400,657,513,496,512,608,484,508,580,478,491,497,524,559,513,584,591,608,520,540,471,500,511,505,544,563,480,561,560,458,594,435,491,474,544,617,561,665,541,630,570,538,455,488,610,400,593,496,532.32183908046
423,349,355,410,408,507,577,443,434,544,431,381,450,455,376,381,457,448,464,422,359,475,431,482,482,540,455,489,419,493,511,412,525,467,380,426,367,445,571,415,527,457,517,398,530,400,446,438,438,485,581,449,510,413,463,515,513,482,447,467,438,417,451,442,482,589,377,453,421,543,413,500,406,454,446,528,486,427,512,484,475,417,381,507,371,448,471,456.022988505747
365,391,297,373,358,449,406,479,331,429,382,365,347,438,294,335,411,392,409,476,340,389,341,442,421,455,392,450,372,451,423,375,395,380,325,412,409,328,482,395,418,368,421,417,461,391,398,270,358,384,426,364,445,368,386,430,422,399,425,410,360,396,396,347,436,418,245,413,419,366,472,395,367,421,407,443,397,349,453,474,414,416,462,444,441,500,409,399.137931034483
253,286,309,302,313,408,369,337,287,345,350,362,335,363,336,305,326,351,346,366,317,349,305,354,308,341,349,365,330,326,368,287,367,299,289,330,290,266,382,327,374,291,338,349,378,307,311,246,370,377,334,290,355,320,291,379,354,319,363,334,322,320,410,274,366,340,188,346,315,319,308,258,270,344,297,393,313,309,367,419,370,345,310,326,376,307,357,330.425287356322
265,375,331,422,254,301,300,300,313,328,285,218,327,293,241,280,269,308,291,315,410,316,405,299,303,310,295,317,250,314,296,286,309,293,305,299,403,252,320,342,340,281,283,317,332,347,301,281,300,286,294,430,323,268,286,309,312,300,303,281,323,295,392,252,348,252,218,261,429,459,281,437,256,247,265,366,416,467,306,306,347,258,358,339,344,230,309,313.505747126437
212,215,260,237,220,352,226,242,262,216,265,227,221,248,207,271,256,291,231,243,202,234,243,282,259,231,222,271,244,239,254,216,274,258,260,277,229,228,298,347,264,281,219,265,279,206,243,205,235,255,251,201,220,239,222,237,257,245,245,247,227,235,237,251,278,208,178,241,219,239,226,165,247,219,243,312,194,243,256,212,295,281,176,265,277,213,274,243.64367816092
194,182,177,212,243,279,210,189,210,212,250,250,195,223,217,190,199,186,216,220,189,225,207,238,222,230,184,226,214,180,241,239,263,218,214,209,178,235,239,232,211,222,198,212,255,206,199,176,242,214,220,178,178,185,265,207,221,204,203,247,189,223,182,180,257,284,148,210,231,228,195,180,203,183,146,208,163,207,203,209,281,194,176,177,231,199,256,211.758620689655
158,152,218,151,203,214,187,162,181,178,164,129,198,184,184,184,184,203,193,136,162,161,144,193,179,151,163,178,178,162,191,200,224,195,200,165,148,192,206,170,203,202,185,185,219,183,199,180,230,203,166,183,167,159,214,215,206,156,200,172,176,158,124,171,245,135,138,194,182,175,184,122,171,196,177,186,155,194,205,179,242,232,158,176,165,173,238,181.64367816092
167,148,196,137,159,195,147,152,162,125,149,138,238,162,161,145,161,158,162,152,146,143,115,173,172,152,131,159,143,129,155,182,165,190,181,161,124,175,184,141,157,179,114,161,187,157,178,144,199,143,162,130,124,156,172,158,165,127,170,133,180,132,120,156,218,122,139,166,150,127,145,130,153,133,149,164,167,147,180,155,179,130,171,151,142,154,192,156.35632183908
132,136,158,138,146,178,114,215,119,121,100,110,139,140,137,131,158,144,122,104,120,131,93,157,156,127,93,108,142,114,175,154,152,162,179,102,96,136,139,121,151,149,115,166,176,118,129,127,161,143,148,107,129,146,130,132,124,120,145,110,130,144,107,131,215,104,137,130,123,99,138,146,121,115,126,151,127,104,159,138,131,128,150,127,146,119,199,135.287356321839
119,138,117,115,122,132,114,119,128,103,87,127,95,113,109,108,118,97,136,133,97,106,114,136,128,114,95,92,124,121,103,78,127,111,139,97,103,116,88,108,112,108,83,110,135,97,116,114,148,92,118,84,104,141,89,124,137,136,137,95,144,129,111,105,160,69,145,112,111,86,116,132,104,90,124,124,142,98,145,95,97,119,100,148,118,107,127,114.540229885057
118,96,98,100,106,135,83,111,80,103,83,85,88,116,79,78,103,94,140,88,84,117,91,85,127,76,79,76,129,123,98,59,108,122,132,86,101,124,109,94,118,84,80,99,108,95,104,128,125,77,105,83,74,104,109,117,84,103,104,78,87,114,119,115,125,83,118,114,92,64,123,130,103,118,112,94,145,124,133,71,92,110,104,136,119,113,150,103.344827586207
76,52,67,69,82,91,83,97,64,91,96,64,78,88,107,64,73,88,90,78,80,89,68,92,91,58,84,67,112,98,80,34,96,91,99,77,68,84,92,94,94,82,86,68,86,76,74,94,104,77,68,86,75,88,65,77,75,99,94,73,75,83,86,79,122,58,102,100,90,60,81,80,101,76,95,90,92,74,101,78,78,74,61,95,76,91,110,82.7701149425287
95,70,38,72,53,94,51,74,47,79,66,68,50,67,47,67,64,69,78,87,72,80,61,63,79,62,68,51,100,92,74,40,80,77,86,66,59,68,83,74,70,88,78,71,86,93,81,81,90,58,46,75,75,69,69,69,59,72,81,63,78,72,71,71,90,48,109,80,72,47,77,57,99,78,60,89,87,55,84,66,62,68,51,78,53,69,91,71.3448275862069
68,54,48,65,55,75,83,44,44,46,59,42,36,76,104,53,61,69,56,57,60,64,66,75,62,50,58,87,64,68,70,23,69,76,79,69,70,58,69,73,46,47,70,53,73,57,53,68,81,61,29,49,60,67,68,49,61,48,67,100,56,63,58,69,68,51,96,57,55,50,70,73,61,67,84,43,54,57,86,70,53,61,51,53,61,51,96,62.367816091954
49,48,37,52,46,58,41,57,52,47,47,90,25,55,48,53,48,41,55,73,70,43,61,56,65,51,56,52,47,41,52,48,52,62,56,42,51,64,56,51,46,58,48,44,53,50,48,60,65,39,24,50,45,65,42,51,44,44,52,60,49,50,77,76,84,54,64,41,51,41,41,44,59,48,43,50,65,35,60,45,43,71,63,50,49,90,66,52.816091954023
36,47,31,46,48,54,50,48,38,52,52,45,44,40,31,34,49,35,53,44,44,43,44,31,49,44,38,59,38,47,55,38,39,38,49,56,52,38,44,55,53,45,36,31,51,49,31,60,63,39,29,41,48,41,43,49,49,40,44,48,63,34,46,49,60,49,45,41,54,40,39,28,41,43,41,25,38,48,48,41,28,36,39,56,45,57,55,44.3333333333333
48,45,33,33,41,42,42,45,38,36,42,47,27,46,33,38,50,34,43,45,68,23,49,27,55,48,34,47,36,33,35,50,42,52,29,46,52,42,41,36,35,38,27,39,53,48,32,57,40,30,30,70,43,31,48,36,44,22,41,30,44,27,58,35,57,33,30,39,54,38,37,56,42,42,37,45,49,49,27,49,23,46,73,46,31,52,44,41.4942528735632
37,27,38,31,21,36,32,27,34,49,32,39,27,36,22,44,32,26,40,25,26,32,27,24,35,37,43,21,36,24,37,30,36,34,28,39,20,40,39,37,28,49,28,27,47,26,26,46,40,26,36,34,44,37,29,31,32,22,35,22,25,36,40,36,44,55,47,66,32,53,32,18,30,31,25,41,21,31,34,43,41,26,34,40,18,26,38,33.6551724137931
30,29,34,28,33,36,23,34,28,29,23,22,31,19,31,33,38,24,28,33,20,37,34,29,44,38,27,26,25,27,30,32,33,32,25,29,25,28,38,29,31,22,35,26,31,34,24,27,35,21,21,28,27,26,27,36,28,36,40,18,27,46,31,32,39,25,36,35,28,42,30,16,27,36,29,25,14,34,32,23,19,25,21,30,12,25,24,29.0804597701149
28,17,28,37,28,33,25,40,28,37,23,21,19,28,18,18,21,32,13,25,19,25,30,19,32,25,27,19,30,27,24,36,23,29,24,23,26,27,35,31,27,23,22,16,39,12,28,17,27,22,18,24,27,35,38,27,32,26,28,21,25,18,17,28,37,24,33,22,31,35,17,22,22,27,29,26,18,25,33,29,23,23,16,20,24,21,31,25.6896551724138
26,15,29,22,27,21,26,23,23,34,20,15,7,28,10,21,19,26,12,17,21,25,12,22,22,17,30,9,21,15,24,32,21,26,20,22,24,19,28,18,35,18,29,24,16,16,33,24,27,23,14,21,32,21,38,26,19,27,17,12,21,27,26,22,47,28,41,24,21,16,21,21,20,19,14,19,12,15,18,17,16,18,24,33,17,17,19,22
14,23,17,26,26,19,16,14,15,14,14,12,13,14,19,30,17,15,16,14,20,20,16,16,22,20,23,22,17,15,20,28,14,23,16,27,16,16,26,7,17,19,19,22,26,21,24,16,36,21,20,19,19,21,17,27,24,17,19,29,12,22,9,32,31,11,23,13,20,13,21,21,19,14,23,20,16,16,23,17,17,28,15,12,25,20,21,19.2988505747126
17,18,15,15,13,19,14,7,14,20,22,9,8,15,13,20,10,10,6,17,13,17,17,22,19,16,28,18,15,14,14,15,21,19,16,20,20,13,23,14,21,12,18,15,16,11,14,21,17,11,10,5,17,18,12,16,18,11,15,13,25,29,18,16,22,11,19,9,21,10,22,21,18,7,10,15,4,13,20,18,19,30,11,22,23,14,23,16.0574712643678
14,17,15,11,16,13,13,7,16,26,20,10,13,15,6,17,7,11,12,14,6,12,14,14,14,10,17,13,16,9,11,12,16,16,11,16,11,4,17,7,15,19,13,15,13,11,11,13,30,12,11,13,16,13,14,19,12,7,10,16,18,5,18,13,15,26,6,8,16,20,16,10,12,7,10,9,4,10,22,10,13,12,11,9,13,12,21,13.1954022988506
20,7,16,8,14,14,12,12,17,11,9,11,12,10,15,15,15,7,5,18,12,10,8,19,16,14,13,18,10,9,6,15,10,12,13,10,4,15,21,11,10,12,12,10,19,12,9,6,20,13,13,10,14,19,7,10,15,18,10,16,4,10,13,24,15,6,17,8,10,16,16,9,8,5,15,11,5,15,10,19,11,6,4,16,9,8,12,12.0804597701149
7,7,7,7,6,13,7,10,14,11,9,7,4,5,9,10,8,10,15,15,14,5,8,10,13,12,7,9,6,11,10,8,10,13,7,12,12,13,14,7,9,11,16,14,13,10,14,13,12,6,15,7,11,23,5,12,13,13,12,9,12,5,8,9,19,6,7,6,10,7,7,9,4,17,8,9,6,6,10,6,9,7,9,9,7,12,10,9.81609195402299
0,5,10,6,11,10,9,9,5,14,12,8,5,8,6,10,14,8,7,6,10,6,8,8,11,8,14,14,10,10,8,8,2,15,14,12,4,4,12,9,10,7,9,9,14,8,12,8,14,7,8,7,10,9,3,5,15,6,11,7,5,1,18,11,13,4,5,8,7,5,7,8,9,16,5,8,9,11,11,10,9,13,5,7,5,3,12,8.66666666666667
6,9,8,8,4,10,4,5,3,12,6,8,11,7,10,13,9,5,8,7,13,5,14,7,8,8,5,8,7,5,7,2,6,6,10,9,9,5,9,10,2,5,9,7,8,7,6,9,7,11,6,9,6,8,16,4,12,6,6,7,4,5,13,5,11,7,8,6,5,9,11,15,11,6,9,3,10,14,6,13,11,8,15,11,10,4,13,8.04597701149425
8,4,6,4,14,5,7,5,7,6,7,6,11,3,10,5,8,7,4,4,3,4,2,3,7,6,6,7,8,2,5,5,8,8,6,6,7,5,8,5,7,9,5,13,11,6,1,6,9,5,8,10,6,5,4,6,10,12,8,7,6,4,3,8,5,22,4,5,6,9,6,2,5,3,6,16,7,6,9,2,9,9,7,9,9,3,6,6.62068965517241
6,3,7,2,7,5,7,3,4,2,3,4,7,14,7,4,5,3,3,5,6,3,5,4,6,5,1,1,7,7,1,11,5,7,8,7,2,3,5,6,5,1,4,6,2,3,0,8,9,7,5,2,5,6,5,3,7,9,6,4,5,5,1,4,7,4,5,5,2,4,4,2,5,3,5,9,4,5,1,2,4,5,5,4,5,3,4,4.71264367816092
4,3,3,5,4,2,6,8,6,4,2,3,6,5,3,8,1,2,7,6,1,6,3,4,7,6,1,3,3,5,5,3,2,6,4,3,6,4,8,9,4,7,8,10,7,4,3,5,8,4,5,2,11,7,3,3,2,7,8,4,7,8,4,7,5,6,1,3,6,4,5,7,4,5,2,3,4,4,11,2,4,2,6,4,12,9,2,4.89655172413793
2,3,4,3,5,2,4,2,3,2,2,6,5,4,3,3,6,7,3,5,4,2,5,5,6,2,2,2,2,3,3,4,2,7,3,6,4,5,5,3,3,7,7,6,5,5,2,5,3,4,4,4,5,8,11,1,7,4,3,4,0,1,2,2,9,0,0,3,3,3,3,2,6,2,2,3,2,4,4,5,7,5,4,3,8,1,0,3.80459770114943
4,1,3,3,2,6,3,3,3,2,3,3,1,3,2,3,1,3,3,2,4,2,3,2,2,5,6,3,3,3,2,3,5,3,0,5,1,4,2,4,4,5,3,5,4,8,4,2,1,4,0,3,3,5,1,2,1,0,7,5,4,5,1,6,3,4,4,8,5,3,3,5,2,6,5,5,4,4,7,3,7,3,3,4,1,5,7,3.44827586206897
1,5,1,2,5,2,3,4,2,4,1,5,0,3,2,1,3,3,4,2,4,6,1,1,1,1,2,1,3,0,1,3,3,2,3,3,0,1,4,1,4,0,1,6,5,1,0,2,3,2,1,3,1,2,0,3,5,0,3,1,4,6,1,2,4,2,3,4,2,0,2,3,2,5,1,2,2,0,2,2,3,1,1,4,1,0,2,2.27586206896552
1,3,0,3,3,4,1,3,0,5,1,4,0,0,5,2,2,2,2,2,1,4,4,0,4,2,3,1,3,4,4,2,2,5,1,1,3,3,1,0,3,2,2,2,3,1,2,1,3,1,2,1,0,4,1,3,5,2,3,2,2,2,0,0,3,2,4,3,1,0,3,5,2,2,0,3,1,0,0,1,1,2,4,5,1,2,1,2.11494252873563
2,2,7,0,1,0,2,2,4,2,1,1,1,3,1,3,3,2,5,2,0,6,0,1,1,1,2,1,1,5,3,3,2,2,1,3,2,2,2,0,0,1,2,0,3,0,2,0,5,1,4,1,2,1,0,2,2,0,2,2,1,3,2,0,3,3,3,0,3,1,1,1,1,2,3,3,0,1,0,4,2,4,2,1,1,2,1,1.83908045977011
1,2,0,0,0,0,0,1,0,4,1,4,1,3,2,4,1,1,3,1,1,0,2,1,0,0,1,3,2,1,3,2,0,4,0,1,2,5,3,1,2,1,3,3,1,3,5,0,1,0,0,0,1,1,0,3,1,0,1,0,1,0,1,1,2,1,3,4,1,0,2,2,1,2,1,1,5,3,2,0,2,1,1,3,2,2,1,1.51724137931034
6,0,3,1,2,1,2,1,0,2,1,5,0,0,1,0,1,2,2,2,0,0,0,1,3,2,3,2,4,1,1,0,0,3,1,1,3,2,1,1,3,1,2,3,1,0,0,0,1,1,1,2,0,1,2,4,0,2,2,1,3,1,3,0,1,4,2,3,3,1,0,1,3,1,5,1,1,2,0,3,0,0,1,1,1,2,4,1.55172413793103
3,1,2,0,3,1,1,1,1,2,2,0,0,2,3,1,2,2,4,1,0,2,0,1,1,2,0,0,0,0,0,1,0,1,0,2,0,2,1,1,1,0,1,5,0,1,2,2,1,0,1,3,2,1,0,1,0,1,2,1,3,1,0,0,0,0,3,0,3,4,1,0,1,0,0,0,0,0,1,1,5,2,2,0,2,0,3,1.18390804597701
0,2,2,1,2,1,0,1,0,1,2,0,0,1,0,2,3,0,1,1,0,1,1,1,1,2,0,2,1,2,1,1,0,0,0,1,1,2,1,1,2,2,3,0,2,2,2,2,1,2,1,0,1,1,1,2,3,0,0,0,1,0,0,1,1,0,1,3,0,3,0,0,0,1,2,0,2,1,2,3,2,0,3,0,0,2,0,1.08045977011494
0,0,0,1,0,0,2,2,0,0,3,0,0,1,2,2,0,0,0,1,0,0,0,1,1,0,1,2,1,2,0,0,0,1,2,1,2,1,0,0,1,1,1,1,2,1,0,1,0,2,2,1,0,0,0,2,1,0,0,2,1,2,1,0,2,0,2,1,2,0,2,0,1,1,1,1,0,0,1,1,2,0,0,1,2,1,0,0.827586206896552
3,2,0,1,1,0,1,0,0,2,4,1,0,1,1,1,1,1,1,0,0,2,1,1,0,0,0,1,1,0,1,0,1,0,1,1,0,2,2,1,1,1,2,1,0,1,0,1,0,0,0,1,0,0,0,0,2,0,0,2,0,1,0,2,1,0,0,2,0,0,1,1,1,1,2,0,1,1,0,0,0,0,0,0,2,0,1,0.747126436781609
1,2,1,1,0,2,1,1,1,1,0,1,1,0,0,0,0,1,1,0,0,1,0,0,1,2,0,2,0,2,0,0,0,0,0,0,1,0,2,1,0,2,2,1,4,0,0,1,3,0,0,1,0,1,1,0,0,1,1,0,1,0,0,1,2,0,1,0,0,0,0,1,0,0,0,1,0,0,0,1,0,0,0,1,3,0,0,0.655172413793103
1,0,0,0,1,1,0,1,0,1,1,0,0,0,0,0,1,1,0,1,0,2,1,0,1,0,0,1,0,0,2,0,0,0,2,0,0,0,1,3,0,1,0,0,1,1,1,0,2,0,0,0,0,0,0,0,1,0,0,1,1,0,0,0,1,0,0,0,1,0,0,1,1,0,0,0,2,1,1,1,0,0,1,0,2,0,0,0.494252873563218
0,0,1,0,0,0,0,0,0,0,0,1,0,1,1,0,0,0,0,0,1,0,0,0,0,0,1,1,0,0,1,0,0,0,2,0,0,0,0,1,0,2,1,2,2,0,1,0,0,0,0,0,1,1,1,0,0,1,0,0,0,0,0,0,0,0,1,0,0,0,1,0,1,0,0,0,1,0,1,0,0,0,0,1,0,1,0,0.344827586206897
0,0,0,1,1,0,1,0,0,0,0,0,0,1,0,1,0,0,0,1,1,0,0,1,1,0,0,0,2,0,0,0,0,0,0,0,0,0,0,0,0,0,1,0,0,1,0,1,0,2,0,0,0,0,1,0,0,1,0,0,0,0,3,0,1,0,1,0,0,0,1,0,0,0,0,0,0,2,0,0,1,0,0,0,0,1,0,0.32183908045977
0,0,0,1,0,0,1,0,1,0,1,0,0,0,0,0,0,0,0,1,0,0,1,1,0,0,0,0,1,0,0,0,0,1,0,1,0,0,0,0,0,2,0,0,0,1,0,1,0,0,0,0,1,0,1,0,0,0,0,0,0,0,0,0,0,0,0,0,0,0,0,0,0,0,0,0,2,1,1,0,0,0,0,1,1,1,0,0.264367816091954
0,0,0,0,3,0,0,1,0,0,1,0,0,0,0,0,0,1,0,0,0,0,0,0,0,0,0,0,0,0,0,0,0,1,0,0,0,0,0,0,0,0,0,0,1,1,2,1,1,1,0,0,1,0,0,0,2,0,0,0,0,1,0,0,0,0,0,0,0,0,0,0,0,0,0,0,0,0,0,0,0,0,0,0,1,0,1,0.229885057471264
0,0,1,0,1,0,0,0,1,0,0,0,0,0,0,0,0,0,0,0,0,0,1,0,0,0,0,1,0,0,0,0,0,0,0,0,0,1,0,0,0,0,0,0,0,0,0,0,0,0,0,0,0,0,0,0,2,0,0,0,0,0,0,0,0,0,0,0,0,0,0,0,0,0,0,1,0,0,0,0,0,0,0,0,0,0,0,0.103448275862069
0,0,1,0,0,0,0,0,0,0,0,1,0,0,0,0,0,0,0,0,0,0,0,1,0,0,0,0,1,0,0,0,0,0,0,0,0,0,0,0,0,0,0,0,0,0,0,0,0,0,0,0,0,0,0,0,0,0,0,0,0,0,0,0,0,0,0,0,0,0,0,0,0,0,0,0,0,0,0,0,0,0,0,0,0,0,0,0.0459770114942529
0,0,0,0,0,0,0,0,0,0,0,0,0,0,0,1,0,0,0,0,0,0,0,0,0,0,0,0,0,0,0,0,0,1,0,0,0,0,0,0,0,0,0,2,0,0,0,0,0,0,0,0,0,0,1,0,0,0,0,0,0,0,0,0,0,0,0,0,0,0,1,0,0,0,0,0,0,0,0,0,0,0,0,0,0,0,0,0.0689655172413793
0,0,0,0,0,0,0,0,0,0,0,0,0,0,0,0,0,1,0,0,0,0,0,0,0,0,0,0,0,0,0,0,0,0,1,0,0,0,0,0,0,0,0,0,0,0,0,0,0,0,0,0,2,0,0,0,0,0,0,0,0,0,1,0,0,0,0,0,0,0,0,0,0,0,0,0,0,0,0,0,0,0,0,0,1,0,0,0.0689655172413793
0,0,0,0,0,0,0,0,0,0,0,0,0,0,0,0,0,0,0,0,0,0,0,0,0,0,0,0,0,0,0,0,0,0,0,0,0,0,1,0,0,0,0,0,0,0,0,0,0,0,0,0,0,0,0,0,0,0,0,0,0,0,0,0,0,0,0,0,0,0,0,0,0,0,0,0,0,0,0,0,0,0,0,0,0,0,0,0.0114942528735632
0,0,0,0,0,0,0,0,0,0,0,0,0,0,0,0,0,0,0,0,0,0,0,0,0,0,0,0,0,0,0,0,0,0,0,0,0,0,0,0,0,0,0,0,0,0,0,0,0,0,0,0,0,0,0,0,0,0,0,0,0,0,0,0,0,0,0,0,0,0,0,1,0,0,0,0,0,0,0,0,0,0,0,0,0,0,0,0.0114942528735632
0,0,0,1,0,0,0,0,0,0,0,0,0,0,0,0,0,0,0,0,0,0,0,0,0,0,0,0,0,0,0,0,0,0,0,0,0,0,0,0,0,0,0,0,0,0,0,0,0,0,0,0,0,0,0,0,0,0,0,0,0,0,0,0,0,0,0,0,0,0,0,0,0,0,0,0,0,0,0,0,0,0,0,0,0,0,0,0.0114942528735632
0,0,0,0,0,0,0,0,0,0,0,0,0,0,0,0,0,0,0,0,0,0,0,0,0,0,0,0,0,0,0,0,0,0,0,0,0,0,0,0,0,0,0,0,0,0,0,0,0,0,0,0,0,0,0,0,0,0,0,0,0,0,0,0,0,0,0,0,0,0,1,0,0,0,0,0,1,0,0,0,0,0,0,0,0,0,0,0.0229885057471264
0,0,0,0,0,0,0,0,0,0,0,0,0,0,0,0,0,0,0,0,0,0,0,0,0,0,0,0,0,0,0,0,0,0,0,0,0,0,0,0,0,0,0,0,0,0,0,0,0,0,0,0,0,0,0,0,0,0,0,0,0,0,0,0,0,0,0,0,0,0,0,0,0,0,0,0,0,0,0,0,0,0,0,0,0,0,0,0
0,0,0,0,0,0,0,0,0,0,0,0,0,0,0,0,0,0,0,0,0,0,0,0,0,0,0,0,0,0,0,0,0,0,0,0,0,0,0,0,0,0,0,0,0,0,0,0,0,0,0,0,0,0,0,0,0,0,0,0,0,0,0,0,0,0,0,0,0,0,0,0,0,0,0,0,0,0,0,0,0,0,0,0,0,0,0,0
0,0,0,0,0,0,0,0,0,0,0,0,0,0,0,0,0,0,0,0,0,0,0,0,0,0,0,0,0,0,0,0,0,0,0,0,0,0,0,0,0,0,0,0,0,0,0,0,0,0,0,0,0,0,0,0,0,0,0,0,0,0,0,0,0,0,0,0,0,0,0,0,0,0,0,0,0,0,0,0,0,0,0,0,0,0,0,0
0,0,0,0,0,0,0,0,0,0,0,0,0,0,0,0,0,0,0,0,0,0,0,0,0,0,0,0,0,0,0,0,0,0,0,0,0,0,0,0,0,0,0,0,0,0,0,0,0,0,0,0,0,0,0,0,0,0,0,0,0,0,0,0,0,0,0,0,0,0,0,0,0,0,0,0,0,0,0,0,0,0,0,0,0,0,0,0
0,0,0,0,0,0,0,0,0,0,0,0,0,0,0,0,0,0,0,0,0,0,0,0,0,0,0,0,0,0,0,0,0,0,0,0,0,0,0,0,0,0,0,0,0,0,0,0,0,0,0,0,0,0,0,0,0,0,0,0,0,0,0,0,0,0,0,0,0,0,0,0,0,0,0,0,0,0,0,0,0,0,0,0,0,0,0,0
0,0,0,0,0,0,0,0,0,0,0,0,0,0,0,0,0,0,0,0,0,0,0,0,0,0,0,0,0,0,0,0,0,0,0,0,0,0,0,0,0,0,0,0,0,0,0,0,0,0,0,0,0,0,0,0,0,0,0,0,0,0,0,0,0,0,0,0,0,0,0,0,0,0,0,0,0,0,0,0,0,0,0,0,0,0,0,0
0,0,0,0,0,0,0,0,0,0,0,0,0,0,0,0,0,0,0,0,0,0,0,0,0,0,0,0,0,0,0,0,0,0,0,0,0,0,0,0,0,0,0,0,0,0,0,0,0,0,0,0,0,0,0,0,0,0,0,0,0,0,0,0,0,0,0,0,0,0,0,0,0,0,0,0,0,0,0,0,0,0,0,0,0,0,0,0
0,0,0,0,0,0,0,0,0,0,0,0,0,0,0,0,0,0,0,0,0,0,0,0,0,0,0,0,0,0,0,0,0,0,0,0,0,0,0,0,0,0,0,0,0,0,0,0,0,0,0,0,0,0,0,0,0,0,0,0,0,0,0,0,0,0,0,0,0,0,0,0,0,0,0,0,0,0,0,0,0,0,0,0,0,0,0,0
0,0,0,0,0,0,0,0,0,0,0,0,0,0,0,0,0,0,0,0,0,0,0,0,0,0,0,0,0,0,0,0,0,0,0,0,0,0,0,0,0,0,0,0,0,0,0,0,0,0,0,0,0,0,0,0,0,0,0,0,0,0,0,0,0,0,0,0,0,0,0,0,0,0,0,0,0,0,0,0,0,0,0,0,0,0,0,0
0,0,0,0,0,0,0,0,0,0,0,0,0,0,0,0,0,0,0,0,0,0,0,0,0,0,0,0,0,0,0,0,0,0,0,0,0,0,0,0,0,0,0,0,0,0,0,0,0,0,0,0,0,0,0,0,0,0,0,0,0,0,0,0,0,0,0,0,0,0,0,0,0,0,0,0,0,0,0,0,0,0,0,0,0,0,0,0
